x-axis,1,2
second,Volt,Volt
-250.0000E-03,+510.5528E-03,+54.1106E-03
-249.7500E-03,+261.0553E-03,+54.1106E-03
-249.5000E-03,-108.5427E-03,-34.3819E-03
-249.2500E-03,-259.2965E-03,-150.1106E-03
-249.0000E-03,-309.2965E-03,-150.1106E-03
-248.7500E-03,-293.4673E-03,-150.1106E-03
-248.5000E-03,-265.3266E-03,-150.1106E-03
-248.2500E-03,-241.2060E-03,-150.1106E-03
-248.0000E-03,-216.8342E-03,-137.1960E-03
-247.7500E-03,-192.9648E-03,-126.7940E-03
-247.5000E-03,-172.6131E-03,-119.5075E-03
-247.2500E-03,-160.5528E-03,-109.5075E-03
-247.0000E-03,-152.5126E-03,-106.6432E-03
-246.7500E-03,-146.4824E-03,-104.6332E-03
-246.5000E-03,-136.6834E-03,-101.8693E-03
-246.2500E-03,-130.4020E-03,-97.7990E-03
-246.0000E-03,-120.6030E-03,-101.0151E-03
-245.7500E-03,-134.6734E-03,-89.7588E-03
-245.5000E-03,-132.6633E-03,-88.9548E-03
-245.2500E-03,-130.4020E-03,-82.5729E-03
-245.0000E-03,-132.6633E-03,-71.3166E-03
-244.7500E-03,-134.4221E-03,-70.4623E-03
-244.5000E-03,-136.4322E-03,-64.0302E-03
-244.2500E-03,-128.6432E-03,-59.2563E-03
-244.0000E-03,-128.6432E-03,-57.5980E-03
-243.7500E-03,-132.6633E-03,-50.8141E-03
-243.5000E-03,-132.4121E-03,-56.0402E-03
-243.2500E-03,-126.3819E-03,-55.1859E-03
-243.0000E-03,-128.6432E-03,-58.4523E-03
-242.7500E-03,-132.6633E-03,-68.9045E-03
-242.5000E-03,-132.6633E-03,-72.1206E-03
-242.2500E-03,-134.4221E-03,-78.5025E-03
-242.0000E-03,-136.6834E-03,-86.5427E-03
-241.7500E-03,-132.6633E-03,-90.1608E-03
-241.5000E-03,-140.4523E-03,-93.8291E-03
-241.2500E-03,-130.4020E-03,-94.2312E-03
-241.0000E-03,-128.6432E-03,-95.4372E-03
-240.7500E-03,-134.6734E-03,-95.8392E-03
-240.5000E-03,-132.6633E-03,-102.6231E-03
-240.2500E-03,-136.4322E-03,-89.4070E-03
-240.0000E-03,-140.4523E-03,-84.1307E-03
-239.7500E-03,-134.6734E-03,-80.1608E-03
-239.5000E-03,-132.4121E-03,-76.0905E-03
-239.2500E-03,-134.6734E-03,-65.6884E-03
-239.0000E-03,-136.6834E-03,-61.6181E-03
-238.7500E-03,-136.6834E-03,-57.6482E-03
-238.5000E-03,-128.6432E-03,-51.1658E-03
-238.2500E-03,-134.6734E-03,-58.0000E-03
-238.0000E-03,-144.4724E-03,-60.0603E-03
-237.7500E-03,-138.6935E-03,-62.0201E-03
-237.5000E-03,-124.6231E-03,-64.0804E-03
-237.2500E-03,-134.4221E-03,-66.4422E-03
-237.0000E-03,-136.4322E-03,-74.5327E-03
-236.7500E-03,-134.6734E-03,-77.2965E-03
-236.5000E-03,-136.4322E-03,-85.7889E-03
-236.2500E-03,-130.4020E-03,-85.7387E-03
-236.0000E-03,-128.6432E-03,-92.1709E-03
-235.7500E-03,-132.4121E-03,-92.5729E-03
-235.5000E-03,-140.4523E-03,-88.2010E-03
-235.2500E-03,-134.4221E-03,-91.8191E-03
-235.0000E-03,-128.6432E-03,-89.8090E-03
-234.7500E-03,-128.6432E-03,-84.9849E-03
-234.5000E-03,-132.4121E-03,-84.1307E-03
-234.2500E-03,-136.6834E-03,-76.4925E-03
-234.0000E-03,-128.6432E-03,-74.4824E-03
-233.7500E-03,-132.4121E-03,-66.0402E-03
-233.5000E-03,-136.4322E-03,-60.0603E-03
-233.2500E-03,-136.4322E-03,-58.0000E-03
-233.0000E-03,-132.6633E-03,-56.0402E-03
-232.7500E-03,-128.6432E-03,-55.6382E-03
-232.5000E-03,-136.4322E-03,-62.4221E-03
-232.2500E-03,-130.4020E-03,-61.2663E-03
-232.0000E-03,-132.6633E-03,-66.4422E-03
-231.7500E-03,-132.6633E-03,-65.2864E-03
-231.5000E-03,-140.4523E-03,-76.0905E-03
-231.2500E-03,-128.6432E-03,-76.4925E-03
-231.0000E-03,-132.6633E-03,-85.7387E-03
-230.7500E-03,-136.4322E-03,-87.3467E-03
-230.5000E-03,-132.6633E-03,-89.8090E-03
-230.2500E-03,-128.3920E-03,-91.3668E-03
-230.0000E-03,-128.6432E-03,-91.4171E-03
-229.7500E-03,-132.6633E-03,-87.3467E-03
-229.5000E-03,-128.6432E-03,-85.7889E-03
-229.2500E-03,-130.6533E-03,-86.5427E-03
-229.0000E-03,-124.6231E-03,-78.5528E-03
-228.7500E-03,-130.4020E-03,-78.1005E-03
-228.5000E-03,-128.6432E-03,-71.3166E-03
-228.2500E-03,-134.4221E-03,-68.5025E-03
-228.0000E-03,-136.4322E-03,-67.2462E-03
-227.7500E-03,-128.6432E-03,-60.0603E-03
-227.5000E-03,-128.6432E-03,-61.6181E-03
-227.2500E-03,-134.6734E-03,-57.5980E-03
-227.0000E-03,-132.6633E-03,-54.4322E-03
-226.7500E-03,-132.6633E-03,-65.2362E-03
-226.5000E-03,-128.6432E-03,-67.2462E-03
-226.2500E-03,-130.4020E-03,-64.8844E-03
-226.0000E-03,-128.6432E-03,-71.2663E-03
-225.7500E-03,-138.4422E-03,-77.3467E-03
-225.5000E-03,-144.4724E-03,-77.7487E-03
-225.2500E-03,-136.4322E-03,-82.5226E-03
-225.0000E-03,-132.4121E-03,-90.5628E-03
-224.7500E-03,-128.6432E-03,-90.6131E-03
-224.5000E-03,-140.7035E-03,-91.4171E-03
-224.2500E-03,-134.6734E-03,-89.8090E-03
-224.0000E-03,-136.4322E-03,-91.3668E-03
-223.7500E-03,-130.6533E-03,-84.1809E-03
-223.5000E-03,-120.6030E-03,-84.1307E-03
-223.2500E-03,-134.4221E-03,-75.7387E-03
-223.0000E-03,-136.4322E-03,-68.1005E-03
-222.7500E-03,-130.6533E-03,-70.1106E-03
-222.5000E-03,-136.4322E-03,-66.4422E-03
-222.2500E-03,-138.6935E-03,-62.4221E-03
-222.0000E-03,-128.6432E-03,-57.6482E-03
-221.7500E-03,-134.6734E-03,-59.6583E-03
-221.5000E-03,-132.6633E-03,-60.0603E-03
-221.2500E-03,-134.6734E-03,-62.0704E-03
-221.0000E-03,-120.6030E-03,-60.8643E-03
-220.7500E-03,-136.6834E-03,-70.9146E-03
-220.5000E-03,-128.6432E-03,-72.1206E-03
-220.2500E-03,-126.3819E-03,-78.1005E-03
-220.0000E-03,-128.6432E-03,-76.9447E-03
-219.7500E-03,-122.6131E-03,-88.5528E-03
-219.5000E-03,-128.6432E-03,-85.7889E-03
-219.2500E-03,-134.6734E-03,-90.2111E-03
-219.0000E-03,-132.4121E-03,-88.9548E-03
-218.7500E-03,-128.3920E-03,-89.0050E-03
-218.5000E-03,-128.6432E-03,-87.3970E-03
-218.2500E-03,-126.3819E-03,-80.1106E-03
-218.0000E-03,-140.7035E-03,-77.7487E-03
-217.7500E-03,-128.3920E-03,-77.7487E-03
-217.5000E-03,-136.4322E-03,-65.6884E-03
-217.2500E-03,-130.6533E-03,-67.6482E-03
-217.0000E-03,-116.5829E-03,-60.8643E-03
-216.7500E-03,-126.6332E-03,-65.2864E-03
-216.5000E-03,-128.6432E-03,-60.0603E-03
-216.2500E-03,-130.4020E-03,-63.6281E-03
-216.0000E-03,-124.6231E-03,-67.2462E-03
-215.7500E-03,-132.6633E-03,-64.8844E-03
-215.5000E-03,-132.6633E-03,-65.6382E-03
-215.2500E-03,-138.6935E-03,-69.7085E-03
-215.0000E-03,-136.4322E-03,-69.7085E-03
-214.7500E-03,-130.6533E-03,-77.3467E-03
-214.5000E-03,-128.6432E-03,-83.3266E-03
-214.2500E-03,-130.6533E-03,-82.9246E-03
-214.0000E-03,-132.4121E-03,-89.7588E-03
-213.7500E-03,-138.6935E-03,-88.2010E-03
-213.5000E-03,-128.6432E-03,-84.9849E-03
-213.2500E-03,-136.4322E-03,-86.9447E-03
-213.0000E-03,-132.6633E-03,-85.7387E-03
-212.7500E-03,-136.6834E-03,-83.3769E-03
-212.5000E-03,-124.6231E-03,-83.3266E-03
-212.2500E-03,-126.6332E-03,-76.8945E-03
-212.0000E-03,-128.6432E-03,-77.6985E-03
-211.7500E-03,-132.6633E-03,-71.6683E-03
-211.5000E-03,-132.4121E-03,-66.4422E-03
-211.2500E-03,-138.4422E-03,-64.0804E-03
-211.0000E-03,-136.4322E-03,-62.4221E-03
-210.7500E-03,-126.6332E-03,-61.6683E-03
-210.5000E-03,-132.6633E-03,-62.4221E-03
-210.2500E-03,-134.4221E-03,-62.0201E-03
-210.0000E-03,-132.6633E-03,-64.0804E-03
-209.7500E-03,-134.6734E-03,-68.4523E-03
-209.5000E-03,-128.6432E-03,-76.0905E-03
-209.2500E-03,-138.4422E-03,-75.6884E-03
-209.0000E-03,-124.6231E-03,-83.3266E-03
-208.7500E-03,-138.6935E-03,-84.1307E-03
-208.5000E-03,-128.3920E-03,-86.5427E-03
-208.2500E-03,-136.6834E-03,-86.9447E-03
-208.0000E-03,-136.4322E-03,-84.9849E-03
-207.7500E-03,-138.4422E-03,-87.7487E-03
-207.5000E-03,-136.6834E-03,-85.7387E-03
-207.2500E-03,-140.7035E-03,-81.7186E-03
-207.0000E-03,-132.6633E-03,-76.0905E-03
-206.7500E-03,-132.4121E-03,-73.2764E-03
-206.5000E-03,-140.4523E-03,-76.8945E-03
-206.2500E-03,-128.6432E-03,-68.5025E-03
-206.0000E-03,-132.4121E-03,-66.4925E-03
-205.7500E-03,-136.6834E-03,-68.1005E-03
-205.5000E-03,-128.6432E-03,-62.4221E-03
-205.2500E-03,-132.6633E-03,-63.6281E-03
-205.0000E-03,-140.4523E-03,-63.2764E-03
-204.7500E-03,-144.7236E-03,-69.7085E-03
-204.5000E-03,-136.6834E-03,-68.1005E-03
-204.2500E-03,-126.3819E-03,-69.7085E-03
-204.0000E-03,-124.6231E-03,-72.9246E-03
-203.7500E-03,-134.4221E-03,-73.7286E-03
-203.5000E-03,-124.6231E-03,-84.9347E-03
-203.2500E-03,-136.6834E-03,-82.1709E-03
-203.0000E-03,-136.6834E-03,-86.5930E-03
-202.7500E-03,-136.6834E-03,-88.9548E-03
-202.5000E-03,-132.4121E-03,-85.7889E-03
-202.2500E-03,-130.6533E-03,-85.3869E-03
-202.0000E-03,-132.4121E-03,-79.3568E-03
-201.7500E-03,-130.4020E-03,-81.7186E-03
-201.5000E-03,-136.4322E-03,-76.9447E-03
-201.2500E-03,-134.6734E-03,-72.8744E-03
-201.0000E-03,-132.6633E-03,-76.8945E-03
-200.7500E-03,-136.6834E-03,-70.9146E-03
-200.5000E-03,-140.4523E-03,-68.1005E-03
-200.2500E-03,-132.6633E-03,-65.2362E-03
-200.0000E-03,-132.6633E-03,-69.6583E-03
-199.7500E-03,-130.4020E-03,-61.6683E-03
-199.5000E-03,-132.6633E-03,-68.0503E-03
-199.2500E-03,-136.6834E-03,-66.8945E-03
-199.0000E-03,-136.4322E-03,-69.7085E-03
-198.7500E-03,-128.6432E-03,-70.9146E-03
-198.5000E-03,-128.6432E-03,-71.3166E-03
-198.2500E-03,-130.6533E-03,-77.3467E-03
-198.0000E-03,-132.6633E-03,-82.5226E-03
-197.7500E-03,-132.6633E-03,-80.9146E-03
-197.5000E-03,-124.6231E-03,-80.9146E-03
-197.2500E-03,-136.4322E-03,-84.5327E-03
-197.0000E-03,-132.4121E-03,-86.5427E-03
-196.7500E-03,-132.6633E-03,-87.7487E-03
-196.5000E-03,-136.6834E-03,-84.1809E-03
-196.2500E-03,-130.6533E-03,-79.7085E-03
-196.0000E-03,-120.6030E-03,-80.9146E-03
-195.7500E-03,-132.6633E-03,-70.8643E-03
-195.5000E-03,-136.4322E-03,-72.9246E-03
-195.2500E-03,-138.4422E-03,-69.2563E-03
-195.0000E-03,-144.4724E-03,-67.2965E-03
-194.7500E-03,-134.4221E-03,-67.2462E-03
-194.5000E-03,-120.6030E-03,-60.8643E-03
-194.2500E-03,-132.6633E-03,-63.6784E-03
-194.0000E-03,-140.4523E-03,-62.4724E-03
-193.7500E-03,-128.6432E-03,-69.2563E-03
-193.5000E-03,-136.4322E-03,-68.9045E-03
-193.2500E-03,-130.6533E-03,-71.2663E-03
-193.0000E-03,-136.4322E-03,-76.0905E-03
-192.7500E-03,-132.6633E-03,-77.3467E-03
-192.5000E-03,-132.6633E-03,-78.5528E-03
-192.2500E-03,-132.6633E-03,-80.1106E-03
-192.0000E-03,-140.7035E-03,-87.3467E-03
-191.7500E-03,-132.6633E-03,-84.5829E-03
-191.5000E-03,-136.4322E-03,-84.9347E-03
-191.2500E-03,-132.6633E-03,-83.7286E-03
-191.0000E-03,-132.6633E-03,-83.3266E-03
-190.7500E-03,-134.4221E-03,-78.9045E-03
-190.5000E-03,-128.6432E-03,-76.1407E-03
-190.2500E-03,-124.6231E-03,-74.4824E-03
-190.0000E-03,-140.4523E-03,-72.8744E-03
-189.7500E-03,-134.4221E-03,-64.8342E-03
-189.5000E-03,-140.4523E-03,-71.2663E-03
-189.2500E-03,-134.6734E-03,-66.8945E-03
-189.0000E-03,-140.4523E-03,-66.4422E-03
-188.7500E-03,-130.4020E-03,-65.6382E-03
-188.5000E-03,-144.4724E-03,-72.0704E-03
-188.2500E-03,-128.3920E-03,-68.4523E-03
-188.0000E-03,-136.4322E-03,-72.8744E-03
-187.7500E-03,-132.6633E-03,-75.2864E-03
-187.5000E-03,-136.4322E-03,-75.2864E-03
-187.2500E-03,-132.6633E-03,-74.9347E-03
-187.0000E-03,-128.6432E-03,-80.1608E-03
-186.7500E-03,-132.4121E-03,-80.5126E-03
-186.5000E-03,-132.6633E-03,-83.3266E-03
-186.2500E-03,-128.6432E-03,-84.1809E-03
-186.0000E-03,-144.4724E-03,-85.7387E-03
-185.7500E-03,-132.6633E-03,-78.5528E-03
-185.5000E-03,-128.6432E-03,-82.5729E-03
-185.2500E-03,-136.6834E-03,-81.3668E-03
-185.0000E-03,-124.6231E-03,-77.6985E-03
-184.7500E-03,-134.6734E-03,-75.6884E-03
-184.5000E-03,-132.6633E-03,-76.0905E-03
-184.2500E-03,-134.6734E-03,-70.1106E-03
-184.0000E-03,-136.4322E-03,-68.1005E-03
-183.7500E-03,-130.4020E-03,-66.4422E-03
-183.5000E-03,-128.3920E-03,-64.8844E-03
-183.2500E-03,-134.4221E-03,-68.8543E-03
-183.0000E-03,-132.6633E-03,-64.0804E-03
-182.7500E-03,-136.6834E-03,-68.5025E-03
-182.5000E-03,-140.4523E-03,-70.4623E-03
-182.2500E-03,-128.6432E-03,-72.8744E-03
-182.0000E-03,-132.6633E-03,-74.5327E-03
-181.7500E-03,-136.6834E-03,-76.8945E-03
-181.5000E-03,-136.6834E-03,-76.9447E-03
-181.2500E-03,-140.4523E-03,-78.5025E-03
-181.0000E-03,-128.3920E-03,-84.9347E-03
-180.7500E-03,-132.6633E-03,-80.9648E-03
-180.5000E-03,-128.6432E-03,-84.9347E-03
-180.2500E-03,-126.3819E-03,-81.3166E-03
-180.0000E-03,-132.6633E-03,-81.7688E-03
-179.7500E-03,-132.6633E-03,-77.7487E-03
-179.5000E-03,-132.6633E-03,-76.1407E-03
-179.2500E-03,-128.6432E-03,-74.5327E-03
-179.0000E-03,-128.6432E-03,-71.2663E-03
-178.7500E-03,-128.3920E-03,-70.8643E-03
-178.5000E-03,-128.6432E-03,-66.4925E-03
-178.2500E-03,-126.3819E-03,-66.4422E-03
-178.0000E-03,-132.6633E-03,-69.6583E-03
-177.7500E-03,-130.4020E-03,-66.4925E-03
-177.5000E-03,-136.4322E-03,-70.4623E-03
-177.2500E-03,-128.6432E-03,-73.3266E-03
-177.0000E-03,-144.4724E-03,-71.3166E-03
-176.7500E-03,-130.4020E-03,-73.3266E-03
-176.5000E-03,-136.4322E-03,-76.0905E-03
-176.2500E-03,-128.6432E-03,-75.7387E-03
-176.0000E-03,-136.4322E-03,-80.1106E-03
-175.7500E-03,-134.4221E-03,-78.9548E-03
-175.5000E-03,-124.6231E-03,-78.5528E-03
-175.2500E-03,-136.6834E-03,-81.7688E-03
-175.0000E-03,-128.6432E-03,-82.5226E-03
-174.7500E-03,-132.4121E-03,-78.5025E-03
-174.5000E-03,-132.6633E-03,-83.3266E-03
-174.2500E-03,-138.4422E-03,-78.9548E-03
-174.0000E-03,-136.4322E-03,-79.3065E-03
-173.7500E-03,-132.6633E-03,-74.0804E-03
-173.5000E-03,-128.6432E-03,-68.1005E-03
-173.2500E-03,-120.6030E-03,-71.7186E-03
-173.0000E-03,-136.4322E-03,-68.9045E-03
-172.7500E-03,-136.6834E-03,-68.4523E-03
-172.5000E-03,-136.4322E-03,-67.2965E-03
-172.2500E-03,-128.6432E-03,-69.7085E-03
-172.0000E-03,-136.4322E-03,-68.9045E-03
-171.7500E-03,-132.6633E-03,-67.6482E-03
-171.5000E-03,-136.4322E-03,-67.2965E-03
-171.2500E-03,-124.6231E-03,-74.5327E-03
-171.0000E-03,-136.6834E-03,-73.7286E-03
-170.7500E-03,-130.4020E-03,-75.3367E-03
-170.5000E-03,-140.4523E-03,-76.1407E-03
-170.2500E-03,-132.4121E-03,-76.1407E-03
-170.0000E-03,-132.6633E-03,-80.1608E-03
-169.7500E-03,-132.4121E-03,-81.7688E-03
-169.5000E-03,-136.4322E-03,-78.5528E-03
-169.2500E-03,-134.6734E-03,-80.5628E-03
-169.0000E-03,-140.4523E-03,-80.9648E-03
-168.7500E-03,-134.4221E-03,-78.9045E-03
-168.5000E-03,-124.6231E-03,-76.0905E-03
-168.2500E-03,-134.4221E-03,-72.4724E-03
-168.0000E-03,-140.4523E-03,-72.8744E-03
-167.7500E-03,-132.6633E-03,-71.3166E-03
-167.5000E-03,-144.4724E-03,-68.9045E-03
-167.2500E-03,-130.4020E-03,-68.5025E-03
-167.0000E-03,-128.6432E-03,-70.5126E-03
-166.7500E-03,-132.6633E-03,-70.0603E-03
-166.5000E-03,-128.6432E-03,-71.3166E-03
-166.2500E-03,-130.6533E-03,-71.6683E-03
-166.0000E-03,-136.4322E-03,-70.5126E-03
-165.7500E-03,-130.6533E-03,-73.7286E-03
-165.5000E-03,-128.6432E-03,-79.3065E-03
-165.2500E-03,-130.6533E-03,-77.3467E-03
-165.0000E-03,-132.4121E-03,-78.5528E-03
-164.7500E-03,-132.4121E-03,-79.3065E-03
-164.5000E-03,-124.6231E-03,-81.7688E-03
-164.2500E-03,-128.6432E-03,-82.5729E-03
-164.0000E-03,-128.6432E-03,-86.5427E-03
-163.7500E-03,-134.6734E-03,-78.9045E-03
-163.5000E-03,-128.6432E-03,-82.5226E-03
-163.2500E-03,-126.6332E-03,-76.0905E-03
-163.0000E-03,-132.6633E-03,-76.1407E-03
-162.7500E-03,-130.6533E-03,-76.0905E-03
-162.5000E-03,-124.6231E-03,-75.2864E-03
-162.2500E-03,-132.6633E-03,-73.2764E-03
-162.0000E-03,-140.4523E-03,-71.2663E-03
-161.7500E-03,-138.4422E-03,-70.5126E-03
-161.5000E-03,-132.6633E-03,-67.2965E-03
-161.2500E-03,-128.3920E-03,-68.1005E-03
-161.0000E-03,-136.6834E-03,-72.8744E-03
-160.7500E-03,-134.4221E-03,-70.5126E-03
-160.5000E-03,-144.4724E-03,-71.3166E-03
-160.2500E-03,-136.6834E-03,-73.7286E-03
-160.0000E-03,-132.6633E-03,-73.6784E-03
-159.7500E-03,-134.4221E-03,-78.5025E-03
-159.5000E-03,-132.6633E-03,-81.7186E-03
-159.2500E-03,-134.6734E-03,-80.9146E-03
-159.0000E-03,-128.6432E-03,-79.3568E-03
-158.7500E-03,-128.3920E-03,-80.5628E-03
-158.5000E-03,-124.6231E-03,-81.7688E-03
-158.2500E-03,-138.4422E-03,-78.9548E-03
-158.0000E-03,-132.6633E-03,-77.7487E-03
-157.7500E-03,-132.6633E-03,-77.6985E-03
-157.5000E-03,-124.6231E-03,-78.5025E-03
-157.2500E-03,-136.6834E-03,-72.5226E-03
-157.0000E-03,-128.6432E-03,-75.2864E-03
-156.7500E-03,-136.4322E-03,-72.4724E-03
-156.5000E-03,-136.4322E-03,-72.1206E-03
-156.2500E-03,-136.6834E-03,-71.7186E-03
-156.0000E-03,-136.4322E-03,-70.5126E-03
-155.7500E-03,-126.6332E-03,-69.2563E-03
-155.5000E-03,-120.3518E-03,-70.5126E-03
-155.2500E-03,-128.6432E-03,-72.9246E-03
-155.0000E-03,-140.4523E-03,-75.2864E-03
-154.7500E-03,-128.6432E-03,-74.5327E-03
-154.5000E-03,-132.6633E-03,-76.0905E-03
-154.2500E-03,-132.4121E-03,-75.2864E-03
-154.0000E-03,-132.6633E-03,-74.5327E-03
-153.7500E-03,-130.4020E-03,-78.9045E-03
-153.5000E-03,-132.6633E-03,-82.5226E-03
-153.2500E-03,-142.7136E-03,-81.3668E-03
-153.0000E-03,-132.6633E-03,-76.1407E-03
-152.7500E-03,-128.6432E-03,-79.3568E-03
-152.5000E-03,-128.6432E-03,-79.3065E-03
-152.2500E-03,-126.6332E-03,-73.3266E-03
-152.0000E-03,-124.6231E-03,-69.7085E-03
-151.7500E-03,-132.4121E-03,-75.7387E-03
-151.5000E-03,-136.6834E-03,-68.9045E-03
-151.2500E-03,-130.6533E-03,-71.7186E-03
-151.0000E-03,-140.4523E-03,-73.6784E-03
-150.7500E-03,-126.3819E-03,-73.3266E-03
-150.5000E-03,-132.6633E-03,-70.5126E-03
-150.2500E-03,-136.4322E-03,-69.3065E-03
-150.0000E-03,-128.6432E-03,-70.5126E-03
-149.7500E-03,-126.3819E-03,-73.3266E-03
-149.5000E-03,-136.4322E-03,-73.6784E-03
-149.2500E-03,-134.4221E-03,-72.5226E-03
-149.0000E-03,-116.5829E-03,-77.6985E-03
-148.7500E-03,-130.6533E-03,-77.6985E-03
-148.5000E-03,-128.3920E-03,-75.3367E-03
-148.2500E-03,-130.4020E-03,-80.9146E-03
-148.0000E-03,-128.6432E-03,-79.3065E-03
-147.7500E-03,-130.6533E-03,-80.5126E-03
-147.5000E-03,-136.4322E-03,-80.9146E-03
-147.2500E-03,-128.6432E-03,-79.3568E-03
-147.0000E-03,-136.6834E-03,-77.7487E-03
-146.7500E-03,-126.6332E-03,-78.5528E-03
-146.5000E-03,-128.3920E-03,-75.3367E-03
-146.2500E-03,-132.6633E-03,-72.5226E-03
-146.0000E-03,-128.6432E-03,-72.0704E-03
-145.7500E-03,-134.4221E-03,-73.6784E-03
-145.5000E-03,-136.6834E-03,-72.8744E-03
-145.2500E-03,-130.4020E-03,-73.7286E-03
-145.0000E-03,-124.6231E-03,-70.5126E-03
-144.7500E-03,-130.4020E-03,-70.8643E-03
-144.5000E-03,-132.6633E-03,-68.9045E-03
-144.2500E-03,-132.4121E-03,-70.5126E-03
-144.0000E-03,-136.4322E-03,-74.4824E-03
-143.7500E-03,-126.3819E-03,-75.2864E-03
-143.5000E-03,-132.6633E-03,-77.7487E-03
-143.2500E-03,-130.6533E-03,-78.9548E-03
-143.0000E-03,-136.4322E-03,-79.3065E-03
-142.7500E-03,-126.3819E-03,-80.9648E-03
-142.5000E-03,-132.6633E-03,-77.6985E-03
-142.2500E-03,-134.4221E-03,-78.5025E-03
-142.0000E-03,-128.6432E-03,-76.1407E-03
-141.7500E-03,-132.6633E-03,-82.5729E-03
-141.5000E-03,-136.4322E-03,-80.9648E-03
-141.2500E-03,-132.6633E-03,-80.5628E-03
-141.0000E-03,-136.4322E-03,-78.5528E-03
-140.7500E-03,-130.4020E-03,-72.0704E-03
-140.5000E-03,-128.6432E-03,-72.9246E-03
-140.2500E-03,-138.6935E-03,-73.2764E-03
-140.0000E-03,-136.6834E-03,-69.7085E-03
-139.7500E-03,-132.6633E-03,-73.2764E-03
-139.5000E-03,-136.4322E-03,-70.5126E-03
-139.2500E-03,-134.4221E-03,-68.4523E-03
-139.0000E-03,-132.6633E-03,-76.0905E-03
-138.7500E-03,-134.4221E-03,-73.7286E-03
-138.5000E-03,-132.6633E-03,-74.5327E-03
-138.2500E-03,-126.3819E-03,-74.8844E-03
-138.0000E-03,-136.4322E-03,-72.9246E-03
-137.7500E-03,-128.6432E-03,-78.1005E-03
-137.5000E-03,-132.4121E-03,-76.8945E-03
-137.2500E-03,-130.6533E-03,-77.3467E-03
-137.0000E-03,-128.6432E-03,-74.5327E-03
-136.7500E-03,-134.6734E-03,-78.1005E-03
-136.5000E-03,-136.6834E-03,-77.7487E-03
-136.2500E-03,-124.6231E-03,-76.4925E-03
-136.0000E-03,-128.6432E-03,-78.5025E-03
-135.7500E-03,-132.6633E-03,-76.8945E-03
-135.5000E-03,-124.6231E-03,-72.9246E-03
-135.2500E-03,-136.6834E-03,-76.1407E-03
-135.0000E-03,-132.6633E-03,-71.2663E-03
-134.7500E-03,-128.6432E-03,-70.4623E-03
-134.5000E-03,-128.3920E-03,-71.3166E-03
-134.2500E-03,-130.4020E-03,-71.2663E-03
-134.0000E-03,-128.6432E-03,-73.6784E-03
-133.7500E-03,-130.4020E-03,-72.5226E-03
-133.5000E-03,-136.4322E-03,-76.0905E-03
-133.2500E-03,-130.6533E-03,-73.6784E-03
-133.0000E-03,-128.3920E-03,-76.1407E-03
-132.7500E-03,-140.7035E-03,-76.1407E-03
-132.5000E-03,-148.4925E-03,-71.3166E-03
-132.2500E-03,-132.4121E-03,-79.3065E-03
-132.0000E-03,-136.4322E-03,-72.9246E-03
-131.7500E-03,-134.6734E-03,-77.3467E-03
-131.5000E-03,-136.6834E-03,-76.8945E-03
-131.2500E-03,-132.6633E-03,-79.3065E-03
-131.0000E-03,-132.6633E-03,-76.0905E-03
-130.7500E-03,-130.4020E-03,-78.1005E-03
-130.5000E-03,-136.4322E-03,-76.1407E-03
-130.2500E-03,-134.6734E-03,-75.7387E-03
-130.0000E-03,-132.4121E-03,-74.5327E-03
-129.7500E-03,-132.6633E-03,-73.6784E-03
-129.5000E-03,-144.4724E-03,-70.4623E-03
-129.2500E-03,-136.6834E-03,-69.7085E-03
-129.0000E-03,-128.6432E-03,-69.7085E-03
-128.7500E-03,-126.6332E-03,-69.6583E-03
-128.5000E-03,-128.3920E-03,-78.5025E-03
-128.2500E-03,-124.3719E-03,-72.0704E-03
-128.0000E-03,-132.6633E-03,-68.9045E-03
-127.7500E-03,-134.6734E-03,-73.3266E-03
-127.5000E-03,-136.4322E-03,-76.8945E-03
-127.2500E-03,-130.6533E-03,-77.7487E-03
-127.0000E-03,-136.6834E-03,-75.3367E-03
-126.7500E-03,-132.6633E-03,-77.7487E-03
-126.5000E-03,-132.6633E-03,-77.6985E-03
-126.2500E-03,-132.6633E-03,-77.3467E-03
-126.0000E-03,-132.4121E-03,-82.5226E-03
-125.7500E-03,-136.6834E-03,-75.7387E-03
-125.5000E-03,-128.6432E-03,-80.9146E-03
-125.2500E-03,-128.6432E-03,-75.7387E-03
-125.0000E-03,-510.5528E-03,-150.1106E-03
-124.7500E-03,-327.3869E-03,-150.1106E-03
-124.5000E-03,+92.4623E-03,+34.0100E-03
-124.2500E-03,+265.3266E-03,+54.1106E-03
-124.0000E-03,+317.5879E-03,+54.1106E-03
-123.7500E-03,+313.5678E-03,+54.1106E-03
-123.5000E-03,+285.1759E-03,+54.1106E-03
-123.2500E-03,+243.2161E-03,+54.1106E-03
-123.0000E-03,+212.8141E-03,+54.1106E-03
-122.7500E-03,+186.9347E-03,+54.1106E-03
-122.5000E-03,+172.8643E-03,+54.1106E-03
-122.2500E-03,+150.5025E-03,+54.1106E-03
-122.0000E-03,+136.6834E-03,+54.1106E-03
-121.7500E-03,+136.6834E-03,+54.1106E-03
-121.5000E-03,+128.6432E-03,+54.1106E-03
-121.2500E-03,+134.4221E-03,+54.1106E-03
-121.0000E-03,+128.6432E-03,+54.1106E-03
-120.7500E-03,+132.4121E-03,+54.1106E-03
-120.5000E-03,+136.4322E-03,+54.1106E-03
-120.2500E-03,+134.6734E-03,+54.1106E-03
-120.0000E-03,+128.6432E-03,+54.1106E-03
-119.7500E-03,+124.3719E-03,+54.1106E-03
-119.5000E-03,+124.6231E-03,+54.1106E-03
-119.2500E-03,+116.5829E-03,+49.2362E-03
-119.0000E-03,+124.3719E-03,+47.6784E-03
-118.7500E-03,+130.4020E-03,+48.0301E-03
-118.5000E-03,+124.3719E-03,+54.1106E-03
-118.2500E-03,+124.3719E-03,+53.3065E-03
-118.0000E-03,+128.6432E-03,+54.1106E-03
-117.7500E-03,+122.6131E-03,+54.1106E-03
-117.5000E-03,+116.5829E-03,+54.1106E-03
-117.2500E-03,+128.3920E-03,+54.1106E-03
-117.0000E-03,+128.3920E-03,+54.1106E-03
-116.7500E-03,+126.3819E-03,+54.1106E-03
-116.5000E-03,+120.6030E-03,+54.1106E-03
-116.2500E-03,+118.3417E-03,+54.1106E-03
-116.0000E-03,+128.6432E-03,+54.1106E-03
-115.7500E-03,+122.6131E-03,+54.1106E-03
-115.5000E-03,+136.4322E-03,+54.1106E-03
-115.2500E-03,+122.6131E-03,+54.1106E-03
-115.0000E-03,+124.6231E-03,+54.1106E-03
-114.7500E-03,+126.3819E-03,+54.1106E-03
-114.5000E-03,+132.4121E-03,+54.1106E-03
-114.2500E-03,+128.6432E-03,+54.1106E-03
-114.0000E-03,+124.6231E-03,+53.3065E-03
-113.7500E-03,+128.6432E-03,+51.6985E-03
-113.5000E-03,+116.5829E-03,+48.4322E-03
-113.2500E-03,+122.3618E-03,+50.0905E-03
-113.0000E-03,+120.3518E-03,+54.0603E-03
-112.7500E-03,+126.6332E-03,+54.1106E-03
-112.5000E-03,+116.5829E-03,+54.1106E-03
-112.2500E-03,+122.6131E-03,+54.1106E-03
-112.0000E-03,+124.6231E-03,+54.1106E-03
-111.7500E-03,+126.3819E-03,+54.1106E-03
-111.5000E-03,+128.3920E-03,+54.1106E-03
-111.2500E-03,+120.6030E-03,+54.1106E-03
-111.0000E-03,+128.3920E-03,+54.1106E-03
-110.7500E-03,+122.6131E-03,+54.1106E-03
-110.5000E-03,+124.3719E-03,+54.1106E-03
-110.2500E-03,+122.3618E-03,+54.1106E-03
-110.0000E-03,+128.6432E-03,+54.1106E-03
-109.7500E-03,+128.6432E-03,+54.1106E-03
-109.5000E-03,+112.5628E-03,+54.1106E-03
-109.2500E-03,+126.6332E-03,+54.1106E-03
-109.0000E-03,+116.5829E-03,+54.1106E-03
-108.7500E-03,+120.6030E-03,+54.1106E-03
-108.5000E-03,+116.5829E-03,+54.1106E-03
-108.2500E-03,+122.6131E-03,+52.9045E-03
-108.0000E-03,+120.3518E-03,+54.1106E-03
-107.7500E-03,+126.3819E-03,+52.9045E-03
-107.5000E-03,+120.6030E-03,+52.5025E-03
-107.2500E-03,+118.3417E-03,+53.3065E-03
-107.0000E-03,+120.6030E-03,+54.1106E-03
-106.7500E-03,+120.3518E-03,+54.1106E-03
-106.5000E-03,+108.5427E-03,+54.1106E-03
-106.2500E-03,+128.3920E-03,+54.1106E-03
-106.0000E-03,+116.5829E-03,+54.1106E-03
-105.7500E-03,+126.3819E-03,+54.1106E-03
-105.5000E-03,+120.6030E-03,+54.1106E-03
-105.2500E-03,+126.3819E-03,+54.1106E-03
-105.0000E-03,+128.6432E-03,+54.1106E-03
-104.7500E-03,+122.3618E-03,+54.1106E-03
-104.5000E-03,+120.6030E-03,+54.1106E-03
-104.2500E-03,+130.4020E-03,+54.1106E-03
-104.0000E-03,+128.6432E-03,+54.1106E-03
-103.7500E-03,+124.6231E-03,+54.1106E-03
-103.5000E-03,+128.3920E-03,+54.1106E-03
-103.2500E-03,+128.6432E-03,+54.1106E-03
-103.0000E-03,+136.4322E-03,+54.1106E-03
-102.7500E-03,+120.3518E-03,+54.1106E-03
-102.5000E-03,+120.6030E-03,+54.1106E-03
-102.2500E-03,+122.3618E-03,+50.8945E-03
-102.0000E-03,+124.3719E-03,+54.1106E-03
-101.7500E-03,+122.6131E-03,+54.1106E-03
-101.5000E-03,+120.6030E-03,+54.1106E-03
-101.2500E-03,+118.3417E-03,+54.1106E-03
-101.0000E-03,+124.3719E-03,+54.1106E-03
-100.7500E-03,+122.3618E-03,+54.1106E-03
-100.5000E-03,+128.3920E-03,+54.1106E-03
-100.2500E-03,+120.6030E-03,+54.1106E-03
-100.0000E-03,+132.4121E-03,+54.1106E-03
-99.7500E-03,+124.3719E-03,+54.1106E-03
-99.5000E-03,+124.6231E-03,+54.1106E-03
-99.2500E-03,+118.5930E-03,+54.1106E-03
-99.0000E-03,+124.6231E-03,+54.1106E-03
-98.7500E-03,+128.6432E-03,+54.1106E-03
-98.5000E-03,+124.3719E-03,+54.1106E-03
-98.2500E-03,+124.6231E-03,+54.1106E-03
-98.0000E-03,+132.6633E-03,+54.1106E-03
-97.7500E-03,+120.6030E-03,+54.1106E-03
-97.5000E-03,+112.5628E-03,+54.1106E-03
-97.2500E-03,+124.3719E-03,+53.2563E-03
-97.0000E-03,+116.5829E-03,+54.1106E-03
-96.7500E-03,+124.6231E-03,+53.2563E-03
-96.5000E-03,+132.4121E-03,+54.1106E-03
-96.2500E-03,+132.6633E-03,+54.1106E-03
-96.0000E-03,+124.3719E-03,+54.1106E-03
-95.7500E-03,+124.3719E-03,+54.1106E-03
-95.5000E-03,+128.3920E-03,+54.1106E-03
-95.2500E-03,+130.4020E-03,+54.1106E-03
-95.0000E-03,+132.4121E-03,+54.1106E-03
-94.7500E-03,+122.3618E-03,+54.1106E-03
-94.5000E-03,+128.3920E-03,+54.1106E-03
-94.2500E-03,+124.6231E-03,+54.1106E-03
-94.0000E-03,+116.5829E-03,+54.1106E-03
-93.7500E-03,+126.3819E-03,+54.1106E-03
-93.5000E-03,+124.3719E-03,+54.1106E-03
-93.2500E-03,+130.4020E-03,+54.1106E-03
-93.0000E-03,+120.6030E-03,+54.1106E-03
-92.7500E-03,+126.3819E-03,+54.1106E-03
-92.5000E-03,+116.5829E-03,+54.1106E-03
-92.2500E-03,+124.6231E-03,+54.1106E-03
-92.0000E-03,+128.3920E-03,+54.1106E-03
-91.7500E-03,+132.6633E-03,+54.1106E-03
-91.5000E-03,+124.6231E-03,+51.6985E-03
-91.2500E-03,+122.3618E-03,+53.2563E-03
-91.0000E-03,+128.3920E-03,+54.1106E-03
-90.7500E-03,+128.6432E-03,+54.1106E-03
-90.5000E-03,+124.6231E-03,+54.1106E-03
-90.2500E-03,+126.3819E-03,+54.1106E-03
-90.0000E-03,+128.6432E-03,+54.1106E-03
-89.7500E-03,+126.6332E-03,+54.1106E-03
-89.5000E-03,+128.6432E-03,+54.1106E-03
-89.2500E-03,+130.4020E-03,+54.1106E-03
-89.0000E-03,+116.5829E-03,+54.1106E-03
-88.7500E-03,+128.6432E-03,+54.1106E-03
-88.5000E-03,+128.3920E-03,+54.1106E-03
-88.2500E-03,+128.6432E-03,+54.1106E-03
-88.0000E-03,+132.4121E-03,+54.1106E-03
-87.7500E-03,+122.3618E-03,+54.1106E-03
-87.5000E-03,+128.6432E-03,+54.1106E-03
-87.2500E-03,+124.6231E-03,+54.1106E-03
-87.0000E-03,+128.3920E-03,+54.1106E-03
-86.7500E-03,+126.3819E-03,+54.1106E-03
-86.5000E-03,+124.6231E-03,+54.1106E-03
-86.2500E-03,+134.6734E-03,+54.1106E-03
-86.0000E-03,+116.5829E-03,+54.1106E-03
-85.7500E-03,+114.5729E-03,+54.1106E-03
-85.5000E-03,+116.5829E-03,+54.1106E-03
-85.2500E-03,+118.5930E-03,+54.1106E-03
-85.0000E-03,+116.5829E-03,+54.1106E-03
-84.7500E-03,+126.3819E-03,+54.1106E-03
-84.5000E-03,+124.6231E-03,+54.1106E-03
-84.2500E-03,+124.6231E-03,+54.1106E-03
-84.0000E-03,+128.6432E-03,+54.1106E-03
-83.7500E-03,+132.6633E-03,+54.1106E-03
-83.5000E-03,+124.3719E-03,+54.1106E-03
-83.2500E-03,+124.3719E-03,+54.1106E-03
-83.0000E-03,+132.4121E-03,+54.1106E-03
-82.7500E-03,+120.6030E-03,+54.1106E-03
-82.5000E-03,+124.6231E-03,+54.1106E-03
-82.2500E-03,+126.3819E-03,+54.1106E-03
-82.0000E-03,+116.5829E-03,+54.1106E-03
-81.7500E-03,+130.6533E-03,+54.1106E-03
-81.5000E-03,+120.6030E-03,+54.1106E-03
-81.2500E-03,+120.6030E-03,+54.1106E-03
-81.0000E-03,+132.4121E-03,+54.1106E-03
-80.7500E-03,+122.3618E-03,+54.1106E-03
-80.5000E-03,+128.3920E-03,+54.1106E-03
-80.2500E-03,+136.4322E-03,+54.1106E-03
-80.0000E-03,+116.5829E-03,+54.1106E-03
-79.7500E-03,+124.6231E-03,+54.1106E-03
-79.5000E-03,+120.6030E-03,+54.1106E-03
-79.2500E-03,+126.6332E-03,+54.1106E-03
-79.0000E-03,+116.5829E-03,+54.1106E-03
-78.7500E-03,+130.4020E-03,+54.1106E-03
-78.5000E-03,+112.5628E-03,+54.1106E-03
-78.2500E-03,+124.6231E-03,+54.1106E-03
-78.0000E-03,+120.6030E-03,+54.1106E-03
-77.7500E-03,+128.6432E-03,+54.1106E-03
-77.5000E-03,+136.4322E-03,+54.1106E-03
-77.2500E-03,+124.3719E-03,+54.1106E-03
-77.0000E-03,+116.5829E-03,+54.1106E-03
-76.7500E-03,+118.5930E-03,+54.1106E-03
-76.5000E-03,+132.4121E-03,+54.1106E-03
-76.2500E-03,+124.3719E-03,+54.1106E-03
-76.0000E-03,+108.5427E-03,+54.1106E-03
-75.7500E-03,+130.4020E-03,+54.1106E-03
-75.5000E-03,+136.4322E-03,+54.1106E-03
-75.2500E-03,+122.3618E-03,+54.1106E-03
-75.0000E-03,+132.4121E-03,+54.1106E-03
-74.7500E-03,+132.6633E-03,+54.1106E-03
-74.5000E-03,+132.4121E-03,+54.1106E-03
-74.2500E-03,+124.6231E-03,+54.1106E-03
-74.0000E-03,+120.6030E-03,+54.1106E-03
-73.7500E-03,+122.3618E-03,+54.1106E-03
-73.5000E-03,+120.6030E-03,+54.1106E-03
-73.2500E-03,+132.6633E-03,+54.1106E-03
-73.0000E-03,+124.3719E-03,+54.1106E-03
-72.7500E-03,+124.6231E-03,+54.1106E-03
-72.5000E-03,+132.4121E-03,+54.1106E-03
-72.2500E-03,+122.3618E-03,+54.1106E-03
-72.0000E-03,+132.4121E-03,+54.1106E-03
-71.7500E-03,+124.3719E-03,+54.1106E-03
-71.5000E-03,+136.4322E-03,+54.1106E-03
-71.2500E-03,+124.6231E-03,+54.1106E-03
-71.0000E-03,+132.4121E-03,+54.1106E-03
-70.7500E-03,+126.6332E-03,+54.1106E-03
-70.5000E-03,+132.4121E-03,+54.1106E-03
-70.2500E-03,+132.6633E-03,+54.1106E-03
-70.0000E-03,+128.3920E-03,+54.1106E-03
-69.7500E-03,+128.6432E-03,+54.1106E-03
-69.5000E-03,+132.4121E-03,+54.1106E-03
-69.2500E-03,+128.3920E-03,+54.1106E-03
-69.0000E-03,+120.6030E-03,+54.1106E-03
-68.7500E-03,+124.3719E-03,+54.1106E-03
-68.5000E-03,+116.5829E-03,+54.1106E-03
-68.2500E-03,+122.6131E-03,+54.1106E-03
-68.0000E-03,+128.3920E-03,+54.1106E-03
-67.7500E-03,+120.6030E-03,+54.1106E-03
-67.5000E-03,+112.5628E-03,+54.1106E-03
-67.2500E-03,+122.3618E-03,+54.1106E-03
-67.0000E-03,+132.4121E-03,+54.1106E-03
-66.7500E-03,+120.3518E-03,+54.1106E-03
-66.5000E-03,+124.3719E-03,+54.1106E-03
-66.2500E-03,+126.6332E-03,+54.1106E-03
-66.0000E-03,+116.5829E-03,+54.1106E-03
-65.7500E-03,+120.6030E-03,+54.1106E-03
-65.5000E-03,+132.4121E-03,+54.1106E-03
-65.2500E-03,+124.6231E-03,+54.1106E-03
-65.0000E-03,+120.6030E-03,+54.1106E-03
-64.7500E-03,+120.3518E-03,+54.1106E-03
-64.5000E-03,+132.6633E-03,+54.1106E-03
-64.2500E-03,+124.6231E-03,+54.1106E-03
-64.0000E-03,+132.4121E-03,+54.1106E-03
-63.7500E-03,+130.4020E-03,+54.1106E-03
-63.5000E-03,+128.3920E-03,+54.1106E-03
-63.2500E-03,+124.6231E-03,+54.1106E-03
-63.0000E-03,+128.6432E-03,+54.1106E-03
-62.7500E-03,+124.3719E-03,+54.1106E-03
-62.5000E-03,+132.4121E-03,+54.1106E-03
-62.2500E-03,+116.3317E-03,+54.1106E-03
-62.0000E-03,+136.4322E-03,+54.1106E-03
-61.7500E-03,+126.6332E-03,+54.1106E-03
-61.5000E-03,+124.6231E-03,+54.1106E-03
-61.2500E-03,+118.5930E-03,+54.1106E-03
-61.0000E-03,+132.4121E-03,+54.1106E-03
-60.7500E-03,+128.6432E-03,+54.1106E-03
-60.5000E-03,+124.6231E-03,+54.1106E-03
-60.2500E-03,+130.4020E-03,+54.1106E-03
-60.0000E-03,+128.3920E-03,+54.1106E-03
-59.7500E-03,+126.6332E-03,+54.1106E-03
-59.5000E-03,+124.3719E-03,+54.1106E-03
-59.2500E-03,+134.4221E-03,+54.1106E-03
-59.0000E-03,+136.4322E-03,+54.1106E-03
-58.7500E-03,+128.6432E-03,+54.1106E-03
-58.5000E-03,+108.5427E-03,+54.1106E-03
-58.2500E-03,+122.3618E-03,+54.1106E-03
-58.0000E-03,+128.3920E-03,+54.1106E-03
-57.7500E-03,+124.6231E-03,+54.1106E-03
-57.5000E-03,+120.3518E-03,+54.1106E-03
-57.2500E-03,+132.4121E-03,+54.1106E-03
-57.0000E-03,+112.5628E-03,+54.1106E-03
-56.7500E-03,+128.3920E-03,+54.1106E-03
-56.5000E-03,+116.5829E-03,+54.1106E-03
-56.2500E-03,+122.3618E-03,+54.1106E-03
-56.0000E-03,+128.3920E-03,+54.1106E-03
-55.7500E-03,+128.6432E-03,+54.1106E-03
-55.5000E-03,+124.3719E-03,+54.1106E-03
-55.2500E-03,+126.3819E-03,+54.1106E-03
-55.0000E-03,+128.6432E-03,+54.1106E-03
-54.7500E-03,+130.6533E-03,+54.1106E-03
-54.5000E-03,+132.4121E-03,+54.1106E-03
-54.2500E-03,+130.6533E-03,+54.1106E-03
-54.0000E-03,+132.4121E-03,+54.1106E-03
-53.7500E-03,+132.6633E-03,+54.1106E-03
-53.5000E-03,+120.6030E-03,+54.1106E-03
-53.2500E-03,+122.6131E-03,+54.1106E-03
-53.0000E-03,+124.3719E-03,+54.1106E-03
-52.7500E-03,+130.4020E-03,+54.1106E-03
-52.5000E-03,+124.6231E-03,+54.1106E-03
-52.2500E-03,+126.3819E-03,+54.1106E-03
-52.0000E-03,+120.6030E-03,+54.1106E-03
-51.7500E-03,+120.6030E-03,+54.1106E-03
-51.5000E-03,+120.6030E-03,+54.1106E-03
-51.2500E-03,+130.6533E-03,+54.1106E-03
-51.0000E-03,+124.6231E-03,+54.1106E-03
-50.7500E-03,+122.6131E-03,+54.1106E-03
-50.5000E-03,+124.6231E-03,+54.1106E-03
-50.2500E-03,+126.3819E-03,+54.1106E-03
-50.0000E-03,+124.6231E-03,+54.1106E-03
-49.7500E-03,+122.3618E-03,+54.1106E-03
-49.5000E-03,+132.4121E-03,+54.1106E-03
-49.2500E-03,+122.3618E-03,+54.1106E-03
-49.0000E-03,+128.6432E-03,+54.1106E-03
-48.7500E-03,+120.6030E-03,+54.1106E-03
-48.5000E-03,+144.4724E-03,+54.1106E-03
-48.2500E-03,+120.6030E-03,+54.1106E-03
-48.0000E-03,+124.6231E-03,+54.1106E-03
-47.7500E-03,+124.6231E-03,+54.1106E-03
-47.5000E-03,+124.6231E-03,+54.1106E-03
-47.2500E-03,+128.6432E-03,+54.1106E-03
-47.0000E-03,+128.3920E-03,+54.1106E-03
-46.7500E-03,+120.3518E-03,+54.1106E-03
-46.5000E-03,+120.6030E-03,+54.1106E-03
-46.2500E-03,+116.3317E-03,+54.1106E-03
-46.0000E-03,+136.4322E-03,+54.1106E-03
-45.7500E-03,+128.3920E-03,+54.1106E-03
-45.5000E-03,+128.3920E-03,+54.1106E-03
-45.2500E-03,+126.3819E-03,+54.1106E-03
-45.0000E-03,+120.3518E-03,+54.1106E-03
-44.7500E-03,+126.3819E-03,+54.1106E-03
-44.5000E-03,+124.6231E-03,+54.1106E-03
-44.2500E-03,+126.6332E-03,+54.1106E-03
-44.0000E-03,+120.3518E-03,+54.1106E-03
-43.7500E-03,+126.6332E-03,+54.1106E-03
-43.5000E-03,+112.5628E-03,+54.1106E-03
-43.2500E-03,+128.6432E-03,+54.1106E-03
-43.0000E-03,+124.6231E-03,+54.1106E-03
-42.7500E-03,+128.6432E-03,+54.1106E-03
-42.5000E-03,+128.6432E-03,+54.1106E-03
-42.2500E-03,+124.6231E-03,+54.1106E-03
-42.0000E-03,+124.6231E-03,+54.1106E-03
-41.7500E-03,+128.6432E-03,+54.1106E-03
-41.5000E-03,+124.6231E-03,+54.1106E-03
-41.2500E-03,+122.3618E-03,+54.1106E-03
-41.0000E-03,+120.6030E-03,+54.1106E-03
-40.7500E-03,+120.3518E-03,+54.1106E-03
-40.5000E-03,+132.4121E-03,+54.1106E-03
-40.2500E-03,+128.6432E-03,+54.1106E-03
-40.0000E-03,+128.3920E-03,+54.1106E-03
-39.7500E-03,+120.3518E-03,+54.1106E-03
-39.5000E-03,+128.6432E-03,+54.1106E-03
-39.2500E-03,+122.3618E-03,+54.1106E-03
-39.0000E-03,+124.3719E-03,+54.1106E-03
-38.7500E-03,+122.6131E-03,+54.1106E-03
-38.5000E-03,+132.4121E-03,+54.1106E-03
-38.2500E-03,+122.6131E-03,+54.1106E-03
-38.0000E-03,+128.6432E-03,+54.1106E-03
-37.7500E-03,+122.3618E-03,+54.1106E-03
-37.5000E-03,+128.3920E-03,+54.1106E-03
-37.2500E-03,+122.3618E-03,+54.1106E-03
-37.0000E-03,+132.4121E-03,+54.1106E-03
-36.7500E-03,+118.5930E-03,+54.1106E-03
-36.5000E-03,+120.6030E-03,+54.1106E-03
-36.2500E-03,+120.6030E-03,+54.1106E-03
-36.0000E-03,+132.4121E-03,+54.1106E-03
-35.7500E-03,+126.6332E-03,+54.1106E-03
-35.5000E-03,+128.3920E-03,+54.1106E-03
-35.2500E-03,+132.4121E-03,+54.1106E-03
-35.0000E-03,+124.6231E-03,+54.1106E-03
-34.7500E-03,+122.3618E-03,+54.1106E-03
-34.5000E-03,+124.3719E-03,+54.1106E-03
-34.2500E-03,+116.5829E-03,+54.1106E-03
-34.0000E-03,+144.4724E-03,+54.1106E-03
-33.7500E-03,+120.6030E-03,+54.1106E-03
-33.5000E-03,+128.6432E-03,+54.1106E-03
-33.2500E-03,+126.3819E-03,+54.1106E-03
-33.0000E-03,+132.4121E-03,+54.1106E-03
-32.7500E-03,+126.3819E-03,+54.1106E-03
-32.5000E-03,+124.3719E-03,+54.1106E-03
-32.2500E-03,+120.3518E-03,+54.1106E-03
-32.0000E-03,+124.3719E-03,+54.1106E-03
-31.7500E-03,+126.6332E-03,+54.1106E-03
-31.5000E-03,+120.6030E-03,+54.1106E-03
-31.2500E-03,+122.6131E-03,+54.1106E-03
-31.0000E-03,+124.6231E-03,+54.1106E-03
-30.7500E-03,+130.4020E-03,+54.1106E-03
-30.5000E-03,+128.3920E-03,+54.1106E-03
-30.2500E-03,+126.6332E-03,+54.1106E-03
-30.0000E-03,+132.4121E-03,+54.1106E-03
-29.7500E-03,+126.3819E-03,+54.1106E-03
-29.5000E-03,+128.6432E-03,+54.1106E-03
-29.2500E-03,+128.3920E-03,+54.1106E-03
-29.0000E-03,+128.3920E-03,+54.1106E-03
-28.7500E-03,+128.6432E-03,+54.1106E-03
-28.5000E-03,+120.6030E-03,+54.1106E-03
-28.2500E-03,+122.3618E-03,+54.1106E-03
-28.0000E-03,+128.3920E-03,+54.1106E-03
-27.7500E-03,+130.6533E-03,+54.1106E-03
-27.5000E-03,+124.6231E-03,+54.1106E-03
-27.2500E-03,+126.3819E-03,+54.1106E-03
-27.0000E-03,+128.3920E-03,+54.1106E-03
-26.7500E-03,+132.6633E-03,+54.1106E-03
-26.5000E-03,+128.6432E-03,+54.1106E-03
-26.2500E-03,+120.3518E-03,+54.1106E-03
-26.0000E-03,+128.6432E-03,+54.1106E-03
-25.7500E-03,+128.3920E-03,+54.1106E-03
-25.5000E-03,+120.6030E-03,+54.1106E-03
-25.2500E-03,+128.6432E-03,+54.1106E-03
-25.0000E-03,+128.3920E-03,+54.1106E-03
-24.7500E-03,+128.3920E-03,+54.1106E-03
-24.5000E-03,+116.5829E-03,+54.1106E-03
-24.2500E-03,+118.3417E-03,+54.1106E-03
-24.0000E-03,+128.6432E-03,+54.1106E-03
-23.7500E-03,+136.6834E-03,+54.1106E-03
-23.5000E-03,+124.6231E-03,+54.1106E-03
-23.2500E-03,+122.3618E-03,+54.1106E-03
-23.0000E-03,+124.6231E-03,+54.1106E-03
-22.7500E-03,+128.6432E-03,+54.1106E-03
-22.5000E-03,+120.6030E-03,+54.1106E-03
-22.2500E-03,+122.6131E-03,+54.1106E-03
-22.0000E-03,+120.6030E-03,+54.1106E-03
-21.7500E-03,+132.6633E-03,+54.1106E-03
-21.5000E-03,+124.6231E-03,+54.1106E-03
-21.2500E-03,+128.6432E-03,+54.1106E-03
-21.0000E-03,+120.6030E-03,+54.1106E-03
-20.7500E-03,+124.6231E-03,+54.1106E-03
-20.5000E-03,+116.5829E-03,+54.1106E-03
-20.2500E-03,+128.6432E-03,+54.1106E-03
-20.0000E-03,+120.6030E-03,+54.1106E-03
-19.7500E-03,+126.3819E-03,+54.1106E-03
-19.5000E-03,+124.3719E-03,+54.1106E-03
-19.2500E-03,+124.6231E-03,+54.1106E-03
-19.0000E-03,+108.5427E-03,+54.1106E-03
-18.7500E-03,+124.6231E-03,+54.1106E-03
-18.5000E-03,+124.3719E-03,+54.1106E-03
-18.2500E-03,+122.6131E-03,+54.1106E-03
-18.0000E-03,+128.3920E-03,+54.1106E-03
-17.7500E-03,+120.6030E-03,+54.1106E-03
-17.5000E-03,+120.6030E-03,+54.1106E-03
-17.2500E-03,+122.6131E-03,+54.1106E-03
-17.0000E-03,+120.6030E-03,+54.1106E-03
-16.7500E-03,+130.4020E-03,+54.1106E-03
-16.5000E-03,+136.4322E-03,+54.1106E-03
-16.2500E-03,+124.6231E-03,+54.1106E-03
-16.0000E-03,+128.3920E-03,+54.1106E-03
-15.7500E-03,+124.6231E-03,+54.1106E-03
-15.5000E-03,+124.6231E-03,+54.1106E-03
-15.2500E-03,+118.3417E-03,+54.1106E-03
-15.0000E-03,+128.3920E-03,+54.1106E-03
-14.7500E-03,+122.3618E-03,+54.1106E-03
-14.5000E-03,+124.3719E-03,+54.1106E-03
-14.2500E-03,+130.4020E-03,+54.1106E-03
-14.0000E-03,+124.6231E-03,+54.1106E-03
-13.7500E-03,+132.4121E-03,+54.1106E-03
-13.5000E-03,+120.6030E-03,+54.1106E-03
-13.2500E-03,+130.4020E-03,+54.1106E-03
-13.0000E-03,+124.3719E-03,+54.1106E-03
-12.7500E-03,+128.3920E-03,+54.1106E-03
-12.5000E-03,+120.6030E-03,+54.1106E-03
-12.2500E-03,+126.3819E-03,+54.1106E-03
-12.0000E-03,+128.6432E-03,+54.1106E-03
-11.7500E-03,+126.6332E-03,+54.1106E-03
-11.5000E-03,+132.4121E-03,+54.1106E-03
-11.2500E-03,+120.6030E-03,+54.1106E-03
-11.0000E-03,+120.6030E-03,+54.1106E-03
-10.7500E-03,+124.3719E-03,+54.1106E-03
-10.5000E-03,+116.3317E-03,+54.1106E-03
-10.2500E-03,+126.6332E-03,+54.1106E-03
-10.0000E-03,+120.6030E-03,+54.1106E-03
-9.7500E-03,+126.6332E-03,+54.1106E-03
-9.5000E-03,+120.6030E-03,+54.1106E-03
-9.2500E-03,+122.3618E-03,+54.1106E-03
-9.0000E-03,+128.3920E-03,+54.1106E-03
-8.7500E-03,+130.6533E-03,+54.1106E-03
-8.5000E-03,+116.5829E-03,+54.1106E-03
-8.2500E-03,+122.3618E-03,+54.1106E-03
-8.0000E-03,+128.3920E-03,+54.1106E-03
-7.7500E-03,+130.6533E-03,+54.1106E-03
-7.5000E-03,+124.6231E-03,+54.1106E-03
-7.2500E-03,+116.5829E-03,+54.1106E-03
-7.0000E-03,+124.6231E-03,+54.1106E-03
-6.7500E-03,+122.6131E-03,+54.1106E-03
-6.5000E-03,+132.4121E-03,+54.1106E-03
-6.2500E-03,+126.6332E-03,+54.1106E-03
-6.0000E-03,+124.6231E-03,+54.1106E-03
-5.7500E-03,+128.3920E-03,+54.1106E-03
-5.5000E-03,+132.6633E-03,+54.1106E-03
-5.2500E-03,+132.6633E-03,+54.1106E-03
-5.0000E-03,+128.6432E-03,+54.1106E-03
-4.7500E-03,+116.5829E-03,+54.1106E-03
-4.5000E-03,+132.4121E-03,+54.1106E-03
-4.2500E-03,+128.6432E-03,+54.1106E-03
-4.0000E-03,+124.6231E-03,+54.1106E-03
-3.7500E-03,+124.6231E-03,+54.1106E-03
-3.5000E-03,+132.6633E-03,+54.1106E-03
-3.2500E-03,+130.4020E-03,+54.1106E-03
-3.0000E-03,+124.6231E-03,+54.1106E-03
-2.7500E-03,+130.4020E-03,+54.1106E-03
-2.5000E-03,+124.6231E-03,+54.1106E-03
-2.2500E-03,+128.6432E-03,+54.1106E-03
-2.0000E-03,+124.3719E-03,+54.1106E-03
-1.7500E-03,+124.6231E-03,+54.1106E-03
-1.5000E-03,+124.6231E-03,+54.1106E-03
-1.2500E-03,+122.6131E-03,+54.1106E-03
-1.0000E-03,+128.6432E-03,+54.1106E-03
-750.0E-06,+122.3618E-03,+54.1106E-03
-500.0E-06,+124.6231E-03,+54.1106E-03
-250.0E-06,+128.3920E-03,+54.1106E-03
+0.0E+00,+510.5528E-03,+54.1106E-03
+250.0E-06,+251.0050E-03,+54.1106E-03
+500.0E-06,-100.5025E-03,-25.5879E-03
+750.0E-06,-263.3166E-03,-150.1106E-03
+1.0000E-03,-289.4472E-03,-150.1106E-03
+1.2500E-03,-293.4673E-03,-150.1106E-03
+1.5000E-03,-277.1357E-03,-150.1106E-03
+1.7500E-03,-232.9146E-03,-150.1106E-03
+2.0000E-03,-212.8141E-03,-142.0201E-03
+2.2500E-03,-184.9246E-03,-125.1357E-03
+2.5000E-03,-180.6533E-03,-118.7035E-03
+2.7500E-03,-158.5427E-03,-109.8593E-03
+3.0000E-03,-156.7839E-03,-111.4673E-03
+3.2500E-03,-140.7035E-03,-103.0754E-03
+3.5000E-03,-140.4523E-03,-101.0151E-03
+3.7500E-03,-138.6935E-03,-99.4573E-03
+4.0000E-03,-136.4322E-03,-96.1910E-03
+4.2500E-03,-136.6834E-03,-91.4171E-03
+4.5000E-03,-132.6633E-03,-84.1809E-03
+4.7500E-03,-132.4121E-03,-74.0804E-03
+5.0000E-03,-132.6633E-03,-75.2864E-03
+5.2500E-03,-132.6633E-03,-64.4322E-03
+5.5000E-03,-136.4322E-03,-62.4724E-03
+5.7500E-03,-126.6332E-03,-57.6482E-03
+6.0000E-03,-124.6231E-03,-58.4020E-03
+6.2500E-03,-132.6633E-03,-55.2362E-03
+6.5000E-03,-128.3920E-03,-59.2060E-03
+6.7500E-03,-132.6633E-03,-59.2563E-03
+7.0000E-03,-132.6633E-03,-60.8141E-03
+7.2500E-03,-128.6432E-03,-64.8342E-03
+7.5000E-03,-136.4322E-03,-70.5126E-03
+7.7500E-03,-134.4221E-03,-72.9246E-03
+8.0000E-03,-144.4724E-03,-84.1809E-03
+8.2500E-03,-140.7035E-03,-89.0050E-03
+8.5000E-03,-128.6432E-03,-93.0251E-03
+8.7500E-03,-128.6432E-03,-90.6131E-03
+9.0000E-03,-124.6231E-03,-95.4372E-03
+9.2500E-03,-130.4020E-03,-96.5930E-03
+9.5000E-03,-128.6432E-03,-91.4171E-03
+9.7500E-03,-140.7035E-03,-86.5427E-03
+10.0000E-03,-124.6231E-03,-84.1307E-03
+10.2500E-03,-122.6131E-03,-74.0804E-03
+10.5000E-03,-120.6030E-03,-68.9045E-03
+10.7500E-03,-132.6633E-03,-67.2462E-03
+11.0000E-03,-128.3920E-03,-58.4523E-03
+11.2500E-03,-134.4221E-03,-55.6382E-03
+11.5000E-03,-128.6432E-03,-55.2362E-03
+11.7500E-03,-132.6633E-03,-53.6281E-03
+12.0000E-03,-128.6432E-03,-59.2563E-03
+12.2500E-03,-132.6633E-03,-59.6583E-03
+12.5000E-03,-136.6834E-03,-65.6382E-03
+12.7500E-03,-126.3819E-03,-65.6382E-03
+13.0000E-03,-132.4121E-03,-73.7286E-03
+13.2500E-03,-136.4322E-03,-79.7085E-03
+13.5000E-03,-136.4322E-03,-83.3769E-03
+13.7500E-03,-136.6834E-03,-87.3970E-03
+14.0000E-03,-136.4322E-03,-86.5930E-03
+14.2500E-03,-136.6834E-03,-89.0050E-03
+14.5000E-03,-140.4523E-03,-97.7990E-03
+14.7500E-03,-130.4020E-03,-91.7688E-03
+15.0000E-03,-132.6633E-03,-89.0050E-03
+15.2500E-03,-134.4221E-03,-84.9849E-03
+15.5000E-03,-128.6432E-03,-81.7186E-03
+15.7500E-03,-130.6533E-03,-71.6683E-03
+16.0000E-03,-132.4121E-03,-68.8543E-03
+16.2500E-03,-132.6633E-03,-69.3065E-03
+16.5000E-03,-140.4523E-03,-59.2563E-03
+16.7500E-03,-132.6633E-03,-64.0302E-03
+17.0000E-03,-136.4322E-03,-58.4020E-03
+17.2500E-03,-130.6533E-03,-55.6382E-03
+17.5000E-03,-136.4322E-03,-58.4523E-03
+17.7500E-03,-140.7035E-03,-61.2161E-03
+18.0000E-03,-140.7035E-03,-64.8844E-03
+18.2500E-03,-132.6633E-03,-67.2965E-03
+18.5000E-03,-140.4523E-03,-73.7286E-03
+18.7500E-03,-132.6633E-03,-75.3367E-03
+19.0000E-03,-124.6231E-03,-81.7688E-03
+19.2500E-03,-132.6633E-03,-87.3467E-03
+19.5000E-03,-132.4121E-03,-92.1709E-03
+19.7500E-03,-130.4020E-03,-91.7688E-03
+20.0000E-03,-136.6834E-03,-90.5628E-03
+20.2500E-03,-134.4221E-03,-88.2010E-03
+20.5000E-03,-124.6231E-03,-86.5930E-03
+20.7500E-03,-136.4322E-03,-85.3367E-03
+21.0000E-03,-136.4322E-03,-80.1608E-03
+21.2500E-03,-134.6734E-03,-77.7487E-03
+21.5000E-03,-128.6432E-03,-71.3166E-03
+21.7500E-03,-130.4020E-03,-70.4623E-03
+22.0000E-03,-132.4121E-03,-63.2261E-03
+22.2500E-03,-132.6633E-03,-64.4824E-03
+22.5000E-03,-136.6834E-03,-56.8442E-03
+22.7500E-03,-130.4020E-03,-61.6683E-03
+23.0000E-03,-132.6633E-03,-56.0402E-03
+23.2500E-03,-134.6734E-03,-60.8643E-03
+23.5000E-03,-128.3920E-03,-64.8342E-03
+23.7500E-03,-130.6533E-03,-70.4623E-03
+24.0000E-03,-128.6432E-03,-70.5126E-03
+24.2500E-03,-132.4121E-03,-79.3568E-03
+24.5000E-03,-128.6432E-03,-82.5729E-03
+24.7500E-03,-134.4221E-03,-84.1809E-03
+25.0000E-03,-132.6633E-03,-92.1709E-03
+25.2500E-03,-130.6533E-03,-89.4070E-03
+25.5000E-03,-132.6633E-03,-92.9749E-03
+25.7500E-03,-132.6633E-03,-89.3568E-03
+26.0000E-03,-132.4121E-03,-84.9849E-03
+26.2500E-03,-134.6734E-03,-87.3467E-03
+26.5000E-03,-128.6432E-03,-90.5628E-03
+26.7500E-03,-134.6734E-03,-74.9347E-03
+27.0000E-03,-132.6633E-03,-73.7286E-03
+27.2500E-03,-130.6533E-03,-65.2362E-03
+27.5000E-03,-124.6231E-03,-64.0302E-03
+27.7500E-03,-134.6734E-03,-61.6181E-03
+28.0000E-03,-136.4322E-03,-56.0402E-03
+28.2500E-03,-130.4020E-03,-60.8643E-03
+28.5000E-03,-132.6633E-03,-60.0603E-03
+28.7500E-03,-128.6432E-03,-63.2261E-03
+29.0000E-03,-140.4523E-03,-64.0804E-03
+29.2500E-03,-126.6332E-03,-71.6683E-03
+29.5000E-03,-128.6432E-03,-72.1206E-03
+29.7500E-03,-132.4121E-03,-74.0804E-03
+30.0000E-03,-124.6231E-03,-81.7688E-03
+30.2500E-03,-136.6834E-03,-86.1407E-03
+30.5000E-03,-128.6432E-03,-92.1709E-03
+30.7500E-03,-130.4020E-03,-87.7487E-03
+31.0000E-03,-132.4121E-03,-90.5628E-03
+31.2500E-03,-126.3819E-03,-90.1608E-03
+31.5000E-03,-132.6633E-03,-90.5628E-03
+31.7500E-03,-132.6633E-03,-84.9347E-03
+32.0000E-03,-136.6834E-03,-82.5226E-03
+32.2500E-03,-134.6734E-03,-75.7387E-03
+32.5000E-03,-132.4121E-03,-71.3166E-03
+32.7500E-03,-128.3920E-03,-67.6482E-03
+33.0000E-03,-132.6633E-03,-64.0804E-03
+33.2500E-03,-128.6432E-03,-62.4724E-03
+33.5000E-03,-136.4322E-03,-61.6181E-03
+33.7500E-03,-130.6533E-03,-59.6080E-03
+34.0000E-03,-124.6231E-03,-60.0603E-03
+34.2500E-03,-138.4422E-03,-67.6482E-03
+34.5000E-03,-132.4121E-03,-65.6382E-03
+34.7500E-03,-134.6734E-03,-70.0603E-03
+35.0000E-03,-136.4322E-03,-73.6784E-03
+35.2500E-03,-140.7035E-03,-77.7487E-03
+35.5000E-03,-124.6231E-03,-84.1809E-03
+35.7500E-03,-134.4221E-03,-85.3367E-03
+36.0000E-03,-132.6633E-03,-82.5729E-03
+36.2500E-03,-130.6533E-03,-88.5528E-03
+36.5000E-03,-132.6633E-03,-88.1508E-03
+36.7500E-03,-130.6533E-03,-84.1307E-03
+37.0000E-03,-128.6432E-03,-84.1307E-03
+37.2500E-03,-128.3920E-03,-82.9749E-03
+37.5000E-03,-140.7035E-03,-78.5528E-03
+37.7500E-03,-128.6432E-03,-78.1508E-03
+38.0000E-03,-136.4322E-03,-70.5126E-03
+38.2500E-03,-132.4121E-03,-68.5025E-03
+38.5000E-03,-128.6432E-03,-66.4925E-03
+38.7500E-03,-132.6633E-03,-64.0302E-03
+39.0000E-03,-132.6633E-03,-62.4724E-03
+39.2500E-03,-134.4221E-03,-59.6080E-03
+39.5000E-03,-136.4322E-03,-65.6382E-03
+39.7500E-03,-130.4020E-03,-64.4824E-03
+40.0000E-03,-128.3920E-03,-66.4925E-03
+40.2500E-03,-134.4221E-03,-67.6985E-03
+40.5000E-03,-124.6231E-03,-75.3367E-03
+40.7500E-03,-140.7035E-03,-75.3367E-03
+41.0000E-03,-136.6834E-03,-78.5528E-03
+41.2500E-03,-132.6633E-03,-84.1307E-03
+41.5000E-03,-140.4523E-03,-88.1508E-03
+41.7500E-03,-130.4020E-03,-89.7588E-03
+42.0000E-03,-132.6633E-03,-86.5427E-03
+42.2500E-03,-134.6734E-03,-89.0050E-03
+42.5000E-03,-120.6030E-03,-85.7387E-03
+42.7500E-03,-126.3819E-03,-77.6985E-03
+43.0000E-03,-140.4523E-03,-79.3568E-03
+43.2500E-03,-132.6633E-03,-78.1508E-03
+43.5000E-03,-128.6432E-03,-70.5126E-03
+43.7500E-03,-134.6734E-03,-67.2965E-03
+44.0000E-03,-132.6633E-03,-68.0503E-03
+44.2500E-03,-120.6030E-03,-64.8342E-03
+44.5000E-03,-132.4121E-03,-63.2261E-03
+44.7500E-03,-130.4020E-03,-63.2261E-03
+45.0000E-03,-132.6633E-03,-62.4724E-03
+45.2500E-03,-130.6533E-03,-65.2362E-03
+45.5000E-03,-120.6030E-03,-68.9045E-03
+45.7500E-03,-136.6834E-03,-75.3367E-03
+46.0000E-03,-140.4523E-03,-75.2864E-03
+46.2500E-03,-130.6533E-03,-76.0905E-03
+46.5000E-03,-136.4322E-03,-81.7186E-03
+46.7500E-03,-130.4020E-03,-82.9246E-03
+47.0000E-03,-132.6633E-03,-81.7688E-03
+47.2500E-03,-134.4221E-03,-88.5528E-03
+47.5000E-03,-132.6633E-03,-83.3769E-03
+47.7500E-03,-134.4221E-03,-86.1910E-03
+48.0000E-03,-140.4523E-03,-80.9648E-03
+48.2500E-03,-134.4221E-03,-80.1608E-03
+48.5000E-03,-132.6633E-03,-78.5025E-03
+48.7500E-03,-132.6633E-03,-74.9347E-03
+49.0000E-03,-136.4322E-03,-72.1206E-03
+49.2500E-03,-138.4422E-03,-69.6583E-03
+49.5000E-03,-132.6633E-03,-68.8543E-03
+49.7500E-03,-132.6633E-03,-66.4422E-03
+50.0000E-03,-124.6231E-03,-66.4422E-03
+50.2500E-03,-128.3920E-03,-64.8342E-03
+50.5000E-03,-132.6633E-03,-67.2965E-03
+50.7500E-03,-136.4322E-03,-67.6482E-03
+51.0000E-03,-128.6432E-03,-74.4824E-03
+51.2500E-03,-130.6533E-03,-73.7286E-03
+51.5000E-03,-132.4121E-03,-72.9246E-03
+51.7500E-03,-136.6834E-03,-78.5025E-03
+52.0000E-03,-140.4523E-03,-80.1106E-03
+52.2500E-03,-134.4221E-03,-81.7186E-03
+52.5000E-03,-132.6633E-03,-87.3970E-03
+52.7500E-03,-126.3819E-03,-87.3970E-03
+53.0000E-03,-132.6633E-03,-83.3769E-03
+53.2500E-03,-132.4121E-03,-85.7387E-03
+53.5000E-03,-128.3920E-03,-83.3769E-03
+53.7500E-03,-128.3920E-03,-82.9749E-03
+54.0000E-03,-140.4523E-03,-80.1106E-03
+54.2500E-03,-130.4020E-03,-76.9447E-03
+54.5000E-03,-140.4523E-03,-68.9045E-03
+54.7500E-03,-134.6734E-03,-72.0704E-03
+55.0000E-03,-124.6231E-03,-69.6583E-03
+55.2500E-03,-134.4221E-03,-66.0402E-03
+55.5000E-03,-140.4523E-03,-68.1005E-03
+55.7500E-03,-134.6734E-03,-62.8744E-03
+56.0000E-03,-136.6834E-03,-65.6884E-03
+56.2500E-03,-128.6432E-03,-67.2462E-03
+56.5000E-03,-136.4322E-03,-69.7085E-03
+56.7500E-03,-130.6533E-03,-68.1005E-03
+57.0000E-03,-132.6633E-03,-79.3065E-03
+57.2500E-03,-126.3819E-03,-80.5628E-03
+57.5000E-03,-132.6633E-03,-83.3266E-03
+57.7500E-03,-124.6231E-03,-82.1709E-03
+58.0000E-03,-128.6432E-03,-82.5729E-03
+58.2500E-03,-132.6633E-03,-87.3970E-03
+58.5000E-03,-128.6432E-03,-79.3568E-03
+58.7500E-03,-136.6834E-03,-86.1407E-03
+59.0000E-03,-136.6834E-03,-80.1106E-03
+59.2500E-03,-132.6633E-03,-79.3065E-03
+59.5000E-03,-140.4523E-03,-78.5025E-03
+59.7500E-03,-138.4422E-03,-75.6884E-03
+60.0000E-03,-132.6633E-03,-72.9246E-03
+60.2500E-03,-130.6533E-03,-69.6583E-03
+60.5000E-03,-124.6231E-03,-68.0503E-03
+60.7500E-03,-130.6533E-03,-65.2864E-03
+61.0000E-03,-136.4322E-03,-66.4925E-03
+61.2500E-03,-132.4121E-03,-64.4322E-03
+61.5000E-03,-124.6231E-03,-64.0804E-03
+61.7500E-03,-136.4322E-03,-71.6683E-03
+62.0000E-03,-124.6231E-03,-68.1005E-03
+62.2500E-03,-130.4020E-03,-71.6683E-03
+62.5000E-03,-128.3920E-03,-77.6985E-03
+62.7500E-03,-132.6633E-03,-75.3367E-03
+63.0000E-03,-124.6231E-03,-76.9447E-03
+63.2500E-03,-132.6633E-03,-82.9246E-03
+63.5000E-03,-132.6633E-03,-84.9347E-03
+63.7500E-03,-134.6734E-03,-84.9347E-03
+64.0000E-03,-140.4523E-03,-80.9648E-03
+64.2500E-03,-132.6633E-03,-80.5628E-03
+64.5000E-03,-128.6432E-03,-78.5528E-03
+64.7500E-03,-134.4221E-03,-78.5025E-03
+65.0000E-03,-136.4322E-03,-74.4824E-03
+65.2500E-03,-132.6633E-03,-75.6884E-03
+65.5000E-03,-140.4523E-03,-76.8945E-03
+65.7500E-03,-130.4020E-03,-67.2965E-03
+66.0000E-03,-132.6633E-03,-69.7085E-03
+66.2500E-03,-128.6432E-03,-65.6382E-03
+66.5000E-03,-132.6633E-03,-63.2764E-03
+66.7500E-03,-130.6533E-03,-68.9045E-03
+67.0000E-03,-128.6432E-03,-69.6583E-03
+67.2500E-03,-130.4020E-03,-68.0503E-03
+67.5000E-03,-128.3920E-03,-75.2864E-03
+67.7500E-03,-124.6231E-03,-74.0804E-03
+68.0000E-03,-136.4322E-03,-76.0905E-03
+68.2500E-03,-140.7035E-03,-75.3367E-03
+68.5000E-03,-132.6633E-03,-80.9146E-03
+68.7500E-03,-132.6633E-03,-79.3568E-03
+69.0000E-03,-132.6633E-03,-81.7186E-03
+69.2500E-03,-128.6432E-03,-81.3668E-03
+69.5000E-03,-132.6633E-03,-82.5226E-03
+69.7500E-03,-136.4322E-03,-81.3668E-03
+70.0000E-03,-128.6432E-03,-82.5226E-03
+70.2500E-03,-136.6834E-03,-82.1709E-03
+70.5000E-03,-128.3920E-03,-78.5025E-03
+70.7500E-03,-136.6834E-03,-76.0905E-03
+71.0000E-03,-132.6633E-03,-70.5126E-03
+71.2500E-03,-132.6633E-03,-71.2663E-03
+71.5000E-03,-128.6432E-03,-67.2462E-03
+71.7500E-03,-140.7035E-03,-71.6683E-03
+72.0000E-03,-136.4322E-03,-64.8844E-03
+72.2500E-03,-140.7035E-03,-71.2663E-03
+72.5000E-03,-136.4322E-03,-69.6583E-03
+72.7500E-03,-134.4221E-03,-71.3166E-03
+73.0000E-03,-132.6633E-03,-73.6784E-03
+73.2500E-03,-138.4422E-03,-71.3166E-03
+73.5000E-03,-132.6633E-03,-79.3065E-03
+73.7500E-03,-138.6935E-03,-80.5628E-03
+74.0000E-03,-132.6633E-03,-77.7487E-03
+74.2500E-03,-132.6633E-03,-81.3166E-03
+74.5000E-03,-132.6633E-03,-83.3266E-03
+74.7500E-03,-132.6633E-03,-84.9347E-03
+75.0000E-03,-136.4322E-03,-86.5427E-03
+75.2500E-03,-132.4121E-03,-82.9749E-03
+75.5000E-03,-144.4724E-03,-84.9347E-03
+75.7500E-03,-128.6432E-03,-82.1709E-03
+76.0000E-03,-132.4121E-03,-76.8945E-03
+76.2500E-03,-132.6633E-03,-72.4724E-03
+76.5000E-03,-132.6633E-03,-72.1206E-03
+76.7500E-03,-132.6633E-03,-70.9146E-03
+77.0000E-03,-132.6633E-03,-74.4824E-03
+77.2500E-03,-138.4422E-03,-71.3166E-03
+77.5000E-03,-136.6834E-03,-71.2663E-03
+77.7500E-03,-132.6633E-03,-67.2965E-03
+78.0000E-03,-132.6633E-03,-68.8543E-03
+78.2500E-03,-128.6432E-03,-73.6784E-03
+78.5000E-03,-136.4322E-03,-75.2864E-03
+78.7500E-03,-128.6432E-03,-72.5226E-03
+79.0000E-03,-124.6231E-03,-72.9246E-03
+79.2500E-03,-128.3920E-03,-77.2965E-03
+79.5000E-03,-136.4322E-03,-78.5528E-03
+79.7500E-03,-128.6432E-03,-81.7688E-03
+80.0000E-03,-136.6834E-03,-78.5528E-03
+80.2500E-03,-130.6533E-03,-83.7286E-03
+80.5000E-03,-140.4523E-03,-79.3065E-03
+80.7500E-03,-140.4523E-03,-82.1709E-03
+81.0000E-03,-124.6231E-03,-75.3367E-03
+81.2500E-03,-136.4322E-03,-76.5427E-03
+81.5000E-03,-132.6633E-03,-75.3367E-03
+81.7500E-03,-138.6935E-03,-77.2965E-03
+82.0000E-03,-132.4121E-03,-76.8945E-03
+82.2500E-03,-132.6633E-03,-72.4724E-03
+82.5000E-03,-128.6432E-03,-72.0704E-03
+82.7500E-03,-126.3819E-03,-69.6583E-03
+83.0000E-03,-140.4523E-03,-70.5126E-03
+83.2500E-03,-128.6432E-03,-68.4523E-03
+83.5000E-03,-124.6231E-03,-72.8744E-03
+83.7500E-03,-132.6633E-03,-68.4523E-03
+84.0000E-03,-140.4523E-03,-74.4824E-03
+84.2500E-03,-130.6533E-03,-72.1206E-03
+84.5000E-03,-128.6432E-03,-72.9246E-03
+84.7500E-03,-128.6432E-03,-77.7487E-03
+85.0000E-03,-148.4925E-03,-84.1307E-03
+85.2500E-03,-130.4020E-03,-80.1608E-03
+85.5000E-03,-136.6834E-03,-84.1307E-03
+85.7500E-03,-130.4020E-03,-80.5628E-03
+86.0000E-03,-136.4322E-03,-78.5528E-03
+86.2500E-03,-140.7035E-03,-78.5025E-03
+86.5000E-03,-128.6432E-03,-76.1407E-03
+86.7500E-03,-128.6432E-03,-77.3467E-03
+87.0000E-03,-136.4322E-03,-79.3568E-03
+87.2500E-03,-144.4724E-03,-72.9246E-03
+87.5000E-03,-124.6231E-03,-75.3367E-03
+87.7500E-03,-134.6734E-03,-68.0503E-03
+88.0000E-03,-132.6633E-03,-68.1005E-03
+88.2500E-03,-136.6834E-03,-67.6482E-03
+88.5000E-03,-148.4925E-03,-68.8543E-03
+88.7500E-03,-132.6633E-03,-69.3065E-03
+89.0000E-03,-132.6633E-03,-72.0704E-03
+89.2500E-03,-136.6834E-03,-71.7186E-03
+89.5000E-03,-140.4523E-03,-72.9246E-03
+89.7500E-03,-130.6533E-03,-71.7186E-03
+90.0000E-03,-132.6633E-03,-76.8945E-03
+90.2500E-03,-130.4020E-03,-76.8945E-03
+90.5000E-03,-132.4121E-03,-77.7487E-03
+90.7500E-03,-134.4221E-03,-78.5528E-03
+91.0000E-03,-140.4523E-03,-76.9447E-03
+91.2500E-03,-128.3920E-03,-80.1608E-03
+91.5000E-03,-120.6030E-03,-81.7186E-03
+91.7500E-03,-136.6834E-03,-81.3668E-03
+92.0000E-03,-148.4925E-03,-81.7186E-03
+92.2500E-03,-132.6633E-03,-76.9447E-03
+92.5000E-03,-132.4121E-03,-74.4824E-03
+92.7500E-03,-130.4020E-03,-77.7487E-03
+93.0000E-03,-132.6633E-03,-73.6784E-03
+93.2500E-03,-136.6834E-03,-73.7286E-03
+93.5000E-03,-140.4523E-03,-73.7286E-03
+93.7500E-03,-132.4121E-03,-69.7085E-03
+94.0000E-03,-132.6633E-03,-75.2864E-03
+94.2500E-03,-136.4322E-03,-69.6583E-03
+94.5000E-03,-136.4322E-03,-66.4925E-03
+94.7500E-03,-134.4221E-03,-72.1206E-03
+95.0000E-03,-140.4523E-03,-73.6784E-03
+95.2500E-03,-136.4322E-03,-70.8643E-03
+95.5000E-03,-132.6633E-03,-76.9447E-03
+95.7500E-03,-134.6734E-03,-80.5628E-03
+96.0000E-03,-136.4322E-03,-77.7487E-03
+96.2500E-03,-132.6633E-03,-79.7588E-03
+96.5000E-03,-124.6231E-03,-75.3367E-03
+96.7500E-03,-134.4221E-03,-76.5427E-03
+97.0000E-03,-136.6834E-03,-78.5025E-03
+97.2500E-03,-138.4422E-03,-80.9146E-03
+97.5000E-03,-132.4121E-03,-80.9146E-03
+97.7500E-03,-130.4020E-03,-79.7588E-03
+98.0000E-03,-128.6432E-03,-74.5327E-03
+98.2500E-03,-128.6432E-03,-73.7286E-03
+98.5000E-03,-132.6633E-03,-75.2864E-03
+98.7500E-03,-130.4020E-03,-70.8643E-03
+99.0000E-03,-136.4322E-03,-72.0704E-03
+99.2500E-03,-134.6734E-03,-68.1005E-03
+99.5000E-03,-136.6834E-03,-68.9045E-03
+99.7500E-03,-130.6533E-03,-68.1005E-03
+100.0000E-03,-136.6834E-03,-70.4623E-03
+100.2500E-03,-136.6834E-03,-73.7286E-03
+100.5000E-03,-136.4322E-03,-78.5025E-03
+100.7500E-03,-140.7035E-03,-72.5226E-03
+101.0000E-03,-136.4322E-03,-75.3367E-03
+101.2500E-03,-130.6533E-03,-78.5528E-03
+101.5000E-03,-148.4925E-03,-80.1608E-03
+101.7500E-03,-134.6734E-03,-81.3668E-03
+102.0000E-03,-124.6231E-03,-79.3568E-03
+102.2500E-03,-140.4523E-03,-83.3769E-03
+102.5000E-03,-136.4322E-03,-80.9648E-03
+102.7500E-03,-132.6633E-03,-78.5025E-03
+103.0000E-03,-132.4121E-03,-80.1608E-03
+103.2500E-03,-136.4322E-03,-75.7387E-03
+103.5000E-03,-132.6633E-03,-76.0905E-03
+103.7500E-03,-130.6533E-03,-74.0804E-03
+104.0000E-03,-124.6231E-03,-72.9246E-03
+104.2500E-03,-128.6432E-03,-70.8643E-03
+104.5000E-03,-140.4523E-03,-69.7085E-03
+104.7500E-03,-134.4221E-03,-68.8543E-03
+105.0000E-03,-128.6432E-03,-66.4422E-03
+105.2500E-03,-130.6533E-03,-68.8543E-03
+105.5000E-03,-136.4322E-03,-72.0704E-03
+105.7500E-03,-128.3920E-03,-75.3367E-03
+106.0000E-03,-120.6030E-03,-73.7286E-03
+106.2500E-03,-140.7035E-03,-76.1407E-03
+106.5000E-03,-136.4322E-03,-77.6985E-03
+106.7500E-03,-130.4020E-03,-78.5025E-03
+107.0000E-03,-124.3719E-03,-78.5528E-03
+107.2500E-03,-136.6834E-03,-80.1608E-03
+107.5000E-03,-124.6231E-03,-75.3367E-03
+107.7500E-03,-134.6734E-03,-81.3668E-03
+108.0000E-03,-120.6030E-03,-80.9146E-03
+108.2500E-03,-130.6533E-03,-74.5327E-03
+108.5000E-03,-136.4322E-03,-76.9447E-03
+108.7500E-03,-136.4322E-03,-77.7487E-03
+109.0000E-03,-128.6432E-03,-73.7286E-03
+109.2500E-03,-126.6332E-03,-73.6784E-03
+109.5000E-03,-128.6432E-03,-72.0704E-03
+109.7500E-03,-130.4020E-03,-70.8643E-03
+110.0000E-03,-132.6633E-03,-69.7085E-03
+110.2500E-03,-132.4121E-03,-73.7286E-03
+110.5000E-03,-136.4322E-03,-71.3166E-03
+110.7500E-03,-128.6432E-03,-68.8543E-03
+111.0000E-03,-136.6834E-03,-68.9045E-03
+111.2500E-03,-132.6633E-03,-73.7286E-03
+111.5000E-03,-132.4121E-03,-73.6784E-03
+111.7500E-03,-132.6633E-03,-75.3367E-03
+112.0000E-03,-128.6432E-03,-78.5025E-03
+112.2500E-03,-126.3819E-03,-77.2965E-03
+112.5000E-03,-128.6432E-03,-74.5327E-03
+112.7500E-03,-130.6533E-03,-75.7387E-03
+113.0000E-03,-132.6633E-03,-81.7186E-03
+113.2500E-03,-128.6432E-03,-78.9045E-03
+113.5000E-03,-136.4322E-03,-77.7487E-03
+113.7500E-03,-136.4322E-03,-79.3568E-03
+114.0000E-03,-120.6030E-03,-82.5226E-03
+114.2500E-03,-130.6533E-03,-78.5528E-03
+114.5000E-03,-132.6633E-03,-76.8945E-03
+114.7500E-03,-136.6834E-03,-76.4925E-03
+115.0000E-03,-136.4322E-03,-72.1206E-03
+115.2500E-03,-134.4221E-03,-71.2663E-03
+115.5000E-03,-132.6633E-03,-69.7085E-03
+115.7500E-03,-132.6633E-03,-70.4623E-03
+116.0000E-03,-136.4322E-03,-68.1005E-03
+116.2500E-03,-130.6533E-03,-71.3166E-03
+116.5000E-03,-124.6231E-03,-72.8744E-03
+116.7500E-03,-128.3920E-03,-69.6583E-03
+117.0000E-03,-132.6633E-03,-73.7286E-03
+117.2500E-03,-128.3920E-03,-74.4824E-03
+117.5000E-03,-136.6834E-03,-75.3367E-03
+117.7500E-03,-142.7136E-03,-75.2864E-03
+118.0000E-03,-132.4121E-03,-73.7286E-03
+118.2500E-03,-130.4020E-03,-79.7085E-03
+118.5000E-03,-132.6633E-03,-74.5327E-03
+118.7500E-03,-134.4221E-03,-80.5126E-03
+119.0000E-03,-144.4724E-03,-80.1608E-03
+119.2500E-03,-132.6633E-03,-82.1206E-03
+119.5000E-03,-140.4523E-03,-81.7186E-03
+119.7500E-03,-132.6633E-03,-76.4925E-03
+120.0000E-03,-128.6432E-03,-79.3065E-03
+120.2500E-03,-130.4020E-03,-73.3266E-03
+120.5000E-03,-136.6834E-03,-70.5126E-03
+120.7500E-03,-128.3920E-03,-70.4623E-03
+121.0000E-03,-128.6432E-03,-73.7286E-03
+121.2500E-03,-130.6533E-03,-74.5327E-03
+121.5000E-03,-128.6432E-03,-74.4824E-03
+121.7500E-03,-134.4221E-03,-70.1106E-03
+122.0000E-03,-128.6432E-03,-72.1206E-03
+122.2500E-03,-138.6935E-03,-72.5226E-03
+122.5000E-03,-140.4523E-03,-70.5126E-03
+122.7500E-03,-132.6633E-03,-75.7387E-03
+123.0000E-03,-144.4724E-03,-72.9246E-03
+123.2500E-03,-136.4322E-03,-77.6985E-03
+123.5000E-03,-140.4523E-03,-75.3367E-03
+123.7500E-03,-134.4221E-03,-77.6985E-03
+124.0000E-03,-140.4523E-03,-77.7487E-03
+124.2500E-03,-136.6834E-03,-77.3467E-03
+124.5000E-03,-128.6432E-03,-80.9146E-03
+124.7500E-03,-134.6734E-03,-77.3467E-03
+125.0000E-03,-510.5528E-03,-150.1106E-03
+125.2500E-03,-303.5176E-03,-150.1106E-03
+125.5000E-03,+96.4824E-03,+43.6583E-03
+125.7500E-03,+271.3568E-03,+54.1106E-03
+126.0000E-03,+321.3568E-03,+54.1106E-03
+126.2500E-03,+305.2764E-03,+54.1106E-03
+126.5000E-03,+277.3869E-03,+54.1106E-03
+126.7500E-03,+245.2261E-03,+54.1106E-03
+127.0000E-03,+224.8744E-03,+54.1106E-03
+127.2500E-03,+182.9146E-03,+54.1106E-03
+127.5000E-03,+164.8241E-03,+54.1106E-03
+127.7500E-03,+156.7839E-03,+54.1106E-03
+128.0000E-03,+152.5126E-03,+54.1106E-03
+128.2500E-03,+136.6834E-03,+54.1106E-03
+128.5000E-03,+136.6834E-03,+54.1106E-03
+128.7500E-03,+128.6432E-03,+54.1106E-03
+129.0000E-03,+124.3719E-03,+54.1106E-03
+129.2500E-03,+126.3819E-03,+54.1106E-03
+129.5000E-03,+124.3719E-03,+54.1106E-03
+129.7500E-03,+130.4020E-03,+54.1106E-03
+130.0000E-03,+124.6231E-03,+54.1106E-03
+130.2500E-03,+118.3417E-03,+52.9045E-03
+130.5000E-03,+124.6231E-03,+50.0905E-03
+130.7500E-03,+122.6131E-03,+52.4523E-03
+131.0000E-03,+124.6231E-03,+50.8442E-03
+131.2500E-03,+130.6533E-03,+52.0502E-03
+131.5000E-03,+120.6030E-03,+54.0603E-03
+131.7500E-03,+126.3819E-03,+54.1106E-03
+132.0000E-03,+124.6231E-03,+54.1106E-03
+132.2500E-03,+124.6231E-03,+54.1106E-03
+132.5000E-03,+128.3920E-03,+54.1106E-03
+132.7500E-03,+128.6432E-03,+54.1106E-03
+133.0000E-03,+120.6030E-03,+54.1106E-03
+133.2500E-03,+128.3920E-03,+54.1106E-03
+133.5000E-03,+128.6432E-03,+54.1106E-03
+133.7500E-03,+126.6332E-03,+54.1106E-03
+134.0000E-03,+120.6030E-03,+54.1106E-03
+134.2500E-03,+134.6734E-03,+54.1106E-03
+134.5000E-03,+128.6432E-03,+54.1106E-03
+134.7500E-03,+122.3618E-03,+54.1106E-03
+135.0000E-03,+136.4322E-03,+54.1106E-03
+135.2500E-03,+124.3719E-03,+54.1106E-03
+135.5000E-03,+120.6030E-03,+54.1106E-03
+135.7500E-03,+124.3719E-03,+53.2563E-03
+136.0000E-03,+132.4121E-03,+54.0603E-03
+136.2500E-03,+134.6734E-03,+53.2563E-03
+136.5000E-03,+124.6231E-03,+50.0905E-03
+136.7500E-03,+124.6231E-03,+52.8543E-03
+137.0000E-03,+124.6231E-03,+51.6985E-03
+137.2500E-03,+126.3819E-03,+53.6583E-03
+137.5000E-03,+120.6030E-03,+54.1106E-03
+137.7500E-03,+128.6432E-03,+54.1106E-03
+138.0000E-03,+124.3719E-03,+54.1106E-03
+138.2500E-03,+122.6131E-03,+54.1106E-03
+138.5000E-03,+116.5829E-03,+54.1106E-03
+138.7500E-03,+118.3417E-03,+54.1106E-03
+139.0000E-03,+112.5628E-03,+54.1106E-03
+139.2500E-03,+124.3719E-03,+54.1106E-03
+139.5000E-03,+128.3920E-03,+54.1106E-03
+139.7500E-03,+126.3819E-03,+54.1106E-03
+140.0000E-03,+124.6231E-03,+54.1106E-03
+140.2500E-03,+124.3719E-03,+54.1106E-03
+140.5000E-03,+132.6633E-03,+54.1106E-03
+140.7500E-03,+126.6332E-03,+54.1106E-03
+141.0000E-03,+120.6030E-03,+54.1106E-03
+141.2500E-03,+124.6231E-03,+54.1106E-03
+141.5000E-03,+128.6432E-03,+54.1106E-03
+141.7500E-03,+120.6030E-03,+53.6583E-03
+142.0000E-03,+120.6030E-03,+54.0603E-03
+142.2500E-03,+128.6432E-03,+51.2462E-03
+142.5000E-03,+132.4121E-03,+54.0603E-03
+142.7500E-03,+124.6231E-03,+54.1106E-03
+143.0000E-03,+132.4121E-03,+54.1106E-03
+143.2500E-03,+128.3920E-03,+54.1106E-03
+143.5000E-03,+124.6231E-03,+54.1106E-03
+143.7500E-03,+134.6734E-03,+54.1106E-03
+144.0000E-03,+128.6432E-03,+54.1106E-03
+144.2500E-03,+124.3719E-03,+54.1106E-03
+144.5000E-03,+120.6030E-03,+54.1106E-03
+144.7500E-03,+132.4121E-03,+54.1106E-03
+145.0000E-03,+120.6030E-03,+54.1106E-03
+145.2500E-03,+138.4422E-03,+54.1106E-03
+145.5000E-03,+120.6030E-03,+54.1106E-03
+145.7500E-03,+120.3518E-03,+54.1106E-03
+146.0000E-03,+128.3920E-03,+54.1106E-03
+146.2500E-03,+122.3618E-03,+54.1106E-03
+146.5000E-03,+128.3920E-03,+54.1106E-03
+146.7500E-03,+122.6131E-03,+54.1106E-03
+147.0000E-03,+124.6231E-03,+54.1106E-03
+147.2500E-03,+126.6332E-03,+54.1106E-03
+147.5000E-03,+120.6030E-03,+51.6985E-03
+147.7500E-03,+128.6432E-03,+53.6583E-03
+148.0000E-03,+116.5829E-03,+54.0603E-03
+148.2500E-03,+128.6432E-03,+54.1106E-03
+148.5000E-03,+124.6231E-03,+54.1106E-03
+148.7500E-03,+130.4020E-03,+54.1106E-03
+149.0000E-03,+124.6231E-03,+54.1106E-03
+149.2500E-03,+136.6834E-03,+54.1106E-03
+149.5000E-03,+116.5829E-03,+54.1106E-03
+149.7500E-03,+122.3618E-03,+54.1106E-03
+150.0000E-03,+132.4121E-03,+54.1106E-03
+150.2500E-03,+126.6332E-03,+54.1106E-03
+150.5000E-03,+120.6030E-03,+54.1106E-03
+150.7500E-03,+128.6432E-03,+54.1106E-03
+151.0000E-03,+128.3920E-03,+54.1106E-03
+151.2500E-03,+126.3819E-03,+54.1106E-03
+151.5000E-03,+124.3719E-03,+54.1106E-03
+151.7500E-03,+126.6332E-03,+54.1106E-03
+152.0000E-03,+128.6432E-03,+54.1106E-03
+152.2500E-03,+120.6030E-03,+54.1106E-03
+152.5000E-03,+132.6633E-03,+54.1106E-03
+152.7500E-03,+128.3920E-03,+54.1106E-03
+153.0000E-03,+124.3719E-03,+52.5025E-03
+153.2500E-03,+120.6030E-03,+51.6482E-03
+153.5000E-03,+116.5829E-03,+53.3065E-03
+153.7500E-03,+136.6834E-03,+53.6583E-03
+154.0000E-03,+128.6432E-03,+54.1106E-03
+154.2500E-03,+124.6231E-03,+54.1106E-03
+154.5000E-03,+132.4121E-03,+54.1106E-03
+154.7500E-03,+130.6533E-03,+54.1106E-03
+155.0000E-03,+128.6432E-03,+54.1106E-03
+155.2500E-03,+130.6533E-03,+54.1106E-03
+155.5000E-03,+128.6432E-03,+54.1106E-03
+155.7500E-03,+128.6432E-03,+54.1106E-03
+156.0000E-03,+116.5829E-03,+54.1106E-03
+156.2500E-03,+126.3819E-03,+54.1106E-03
+156.5000E-03,+112.5628E-03,+54.1106E-03
+156.7500E-03,+120.6030E-03,+54.1106E-03
+157.0000E-03,+124.3719E-03,+54.1106E-03
+157.2500E-03,+134.6734E-03,+54.1106E-03
+157.5000E-03,+120.6030E-03,+54.1106E-03
+157.7500E-03,+122.6131E-03,+54.1106E-03
+158.0000E-03,+124.6231E-03,+54.0603E-03
+158.2500E-03,+122.6131E-03,+53.7085E-03
+158.5000E-03,+128.3920E-03,+54.1106E-03
+158.7500E-03,+128.3920E-03,+54.1106E-03
+159.0000E-03,+120.6030E-03,+54.1106E-03
+159.2500E-03,+132.6633E-03,+54.1106E-03
+159.5000E-03,+120.6030E-03,+54.1106E-03
+159.7500E-03,+130.4020E-03,+54.1106E-03
+160.0000E-03,+120.6030E-03,+54.1106E-03
+160.2500E-03,+134.6734E-03,+54.1106E-03
+160.5000E-03,+124.6231E-03,+54.1106E-03
+160.7500E-03,+126.3819E-03,+54.1106E-03
+161.0000E-03,+128.3920E-03,+54.1106E-03
+161.2500E-03,+124.6231E-03,+54.1106E-03
+161.5000E-03,+112.5628E-03,+54.1106E-03
+161.7500E-03,+130.6533E-03,+54.1106E-03
+162.0000E-03,+116.5829E-03,+54.1106E-03
+162.2500E-03,+126.6332E-03,+54.1106E-03
+162.5000E-03,+136.4322E-03,+54.1106E-03
+162.7500E-03,+122.6131E-03,+54.1106E-03
+163.0000E-03,+120.6030E-03,+54.1106E-03
+163.2500E-03,+130.6533E-03,+54.1106E-03
+163.5000E-03,+124.3719E-03,+54.1106E-03
+163.7500E-03,+118.5930E-03,+54.1106E-03
+164.0000E-03,+120.6030E-03,+54.1106E-03
+164.2500E-03,+120.3518E-03,+54.1106E-03
+164.5000E-03,+132.4121E-03,+54.1106E-03
+164.7500E-03,+132.4121E-03,+54.1106E-03
+165.0000E-03,+136.4322E-03,+54.1106E-03
+165.2500E-03,+130.6533E-03,+54.1106E-03
+165.5000E-03,+124.6231E-03,+54.1106E-03
+165.7500E-03,+126.3819E-03,+54.1106E-03
+166.0000E-03,+132.4121E-03,+54.1106E-03
+166.2500E-03,+126.3819E-03,+54.1106E-03
+166.5000E-03,+128.3920E-03,+54.1106E-03
+166.7500E-03,+114.3216E-03,+54.1106E-03
+167.0000E-03,+128.3920E-03,+54.1106E-03
+167.2500E-03,+130.4020E-03,+54.1106E-03
+167.5000E-03,+128.3920E-03,+54.1106E-03
+167.7500E-03,+120.6030E-03,+54.1106E-03
+168.0000E-03,+128.6432E-03,+54.1106E-03
+168.2500E-03,+118.5930E-03,+54.1106E-03
+168.5000E-03,+128.6432E-03,+54.1106E-03
+168.7500E-03,+116.5829E-03,+54.1106E-03
+169.0000E-03,+128.3920E-03,+54.1106E-03
+169.2500E-03,+136.6834E-03,+54.1106E-03
+169.5000E-03,+124.6231E-03,+54.1106E-03
+169.7500E-03,+126.6332E-03,+54.1106E-03
+170.0000E-03,+132.4121E-03,+54.1106E-03
+170.2500E-03,+122.6131E-03,+54.1106E-03
+170.5000E-03,+132.6633E-03,+54.1106E-03
+170.7500E-03,+128.6432E-03,+54.1106E-03
+171.0000E-03,+128.6432E-03,+54.1106E-03
+171.2500E-03,+126.6332E-03,+54.1106E-03
+171.5000E-03,+128.3920E-03,+54.1106E-03
+171.7500E-03,+134.4221E-03,+54.1106E-03
+172.0000E-03,+124.6231E-03,+54.1106E-03
+172.2500E-03,+122.3618E-03,+54.1106E-03
+172.5000E-03,+124.6231E-03,+54.1106E-03
+172.7500E-03,+126.3819E-03,+54.1106E-03
+173.0000E-03,+108.5427E-03,+54.1106E-03
+173.2500E-03,+126.6332E-03,+54.1106E-03
+173.5000E-03,+112.5628E-03,+54.1106E-03
+173.7500E-03,+120.3518E-03,+54.1106E-03
+174.0000E-03,+124.6231E-03,+54.1106E-03
+174.2500E-03,+136.6834E-03,+54.1106E-03
+174.5000E-03,+128.6432E-03,+54.1106E-03
+174.7500E-03,+116.5829E-03,+54.1106E-03
+175.0000E-03,+132.6633E-03,+54.1106E-03
+175.2500E-03,+130.6533E-03,+54.1106E-03
+175.5000E-03,+128.3920E-03,+54.1106E-03
+175.7500E-03,+126.6332E-03,+54.1106E-03
+176.0000E-03,+124.6231E-03,+54.1106E-03
+176.2500E-03,+128.6432E-03,+54.1106E-03
+176.5000E-03,+124.3719E-03,+54.1106E-03
+176.7500E-03,+120.6030E-03,+54.1106E-03
+177.0000E-03,+124.3719E-03,+54.1106E-03
+177.2500E-03,+122.6131E-03,+54.1106E-03
+177.5000E-03,+124.6231E-03,+54.1106E-03
+177.7500E-03,+128.6432E-03,+54.1106E-03
+178.0000E-03,+116.5829E-03,+54.1106E-03
+178.2500E-03,+126.3819E-03,+54.1106E-03
+178.5000E-03,+136.4322E-03,+54.1106E-03
+178.7500E-03,+122.3618E-03,+54.1106E-03
+179.0000E-03,+128.3920E-03,+54.1106E-03
+179.2500E-03,+114.5729E-03,+54.1106E-03
+179.5000E-03,+112.5628E-03,+54.1106E-03
+179.7500E-03,+132.6633E-03,+54.1106E-03
+180.0000E-03,+124.3719E-03,+54.1106E-03
+180.2500E-03,+130.4020E-03,+54.1106E-03
+180.5000E-03,+132.4121E-03,+54.1106E-03
+180.7500E-03,+124.3719E-03,+54.1106E-03
+181.0000E-03,+124.6231E-03,+54.1106E-03
+181.2500E-03,+122.3618E-03,+54.1106E-03
+181.5000E-03,+128.3920E-03,+54.1106E-03
+181.7500E-03,+120.6030E-03,+54.1106E-03
+182.0000E-03,+132.4121E-03,+54.1106E-03
+182.2500E-03,+116.5829E-03,+54.1106E-03
+182.5000E-03,+112.5628E-03,+54.1106E-03
+182.7500E-03,+128.3920E-03,+54.1106E-03
+183.0000E-03,+128.3920E-03,+54.1106E-03
+183.2500E-03,+126.3819E-03,+54.1106E-03
+183.5000E-03,+128.3920E-03,+54.1106E-03
+183.7500E-03,+132.6633E-03,+54.1106E-03
+184.0000E-03,+120.3518E-03,+54.1106E-03
+184.2500E-03,+126.3819E-03,+54.1106E-03
+184.5000E-03,+116.5829E-03,+54.1106E-03
+184.7500E-03,+128.3920E-03,+54.1106E-03
+185.0000E-03,+124.6231E-03,+54.1106E-03
+185.2500E-03,+120.6030E-03,+54.1106E-03
+185.5000E-03,+136.6834E-03,+54.1106E-03
+185.7500E-03,+126.3819E-03,+54.1106E-03
+186.0000E-03,+128.3920E-03,+54.1106E-03
+186.2500E-03,+122.3618E-03,+54.1106E-03
+186.5000E-03,+116.5829E-03,+54.1106E-03
+186.7500E-03,+128.6432E-03,+54.1106E-03
+187.0000E-03,+116.3317E-03,+54.1106E-03
+187.2500E-03,+126.6332E-03,+54.1106E-03
+187.5000E-03,+120.6030E-03,+54.1106E-03
+187.7500E-03,+134.4221E-03,+54.1106E-03
+188.0000E-03,+124.6231E-03,+54.1106E-03
+188.2500E-03,+122.3618E-03,+54.1106E-03
+188.5000E-03,+124.6231E-03,+54.1106E-03
+188.7500E-03,+124.6231E-03,+54.1106E-03
+189.0000E-03,+124.6231E-03,+54.1106E-03
+189.2500E-03,+118.5930E-03,+54.1106E-03
+189.5000E-03,+128.3920E-03,+54.1106E-03
+189.7500E-03,+120.6030E-03,+54.1106E-03
+190.0000E-03,+120.6030E-03,+54.1106E-03
+190.2500E-03,+130.6533E-03,+54.1106E-03
+190.5000E-03,+128.6432E-03,+54.1106E-03
+190.7500E-03,+122.3618E-03,+54.1106E-03
+191.0000E-03,+124.6231E-03,+54.1106E-03
+191.2500E-03,+126.6332E-03,+54.1106E-03
+191.5000E-03,+124.6231E-03,+54.1106E-03
+191.7500E-03,+124.6231E-03,+54.1106E-03
+192.0000E-03,+120.6030E-03,+54.1106E-03
+192.2500E-03,+128.6432E-03,+54.1106E-03
+192.5000E-03,+120.6030E-03,+54.1106E-03
+192.7500E-03,+128.6432E-03,+54.1106E-03
+193.0000E-03,+124.3719E-03,+54.1106E-03
+193.2500E-03,+128.6432E-03,+54.1106E-03
+193.5000E-03,+120.6030E-03,+54.1106E-03
+193.7500E-03,+126.6332E-03,+54.1106E-03
+194.0000E-03,+120.6030E-03,+54.1106E-03
+194.2500E-03,+122.6131E-03,+54.1106E-03
+194.5000E-03,+128.3920E-03,+54.1106E-03
+194.7500E-03,+128.6432E-03,+54.1106E-03
+195.0000E-03,+120.6030E-03,+54.1106E-03
+195.2500E-03,+122.6131E-03,+54.1106E-03
+195.5000E-03,+120.6030E-03,+54.1106E-03
+195.7500E-03,+124.6231E-03,+54.1106E-03
+196.0000E-03,+120.6030E-03,+54.1106E-03
+196.2500E-03,+128.3920E-03,+54.1106E-03
+196.5000E-03,+128.6432E-03,+54.1106E-03
+196.7500E-03,+126.3819E-03,+54.1106E-03
+197.0000E-03,+120.6030E-03,+54.1106E-03
+197.2500E-03,+124.3719E-03,+54.1106E-03
+197.5000E-03,+136.4322E-03,+54.1106E-03
+197.7500E-03,+132.6633E-03,+54.1106E-03
+198.0000E-03,+128.6432E-03,+54.1106E-03
+198.2500E-03,+126.6332E-03,+54.1106E-03
+198.5000E-03,+128.3920E-03,+54.1106E-03
+198.7500E-03,+124.3719E-03,+54.1106E-03
+199.0000E-03,+132.4121E-03,+54.1106E-03
+199.2500E-03,+124.6231E-03,+54.1106E-03
+199.5000E-03,+132.4121E-03,+54.1106E-03
+199.7500E-03,+122.6131E-03,+54.1106E-03
+200.0000E-03,+128.3920E-03,+54.1106E-03
+200.2500E-03,+124.6231E-03,+54.1106E-03
+200.5000E-03,+124.3719E-03,+54.1106E-03
+200.7500E-03,+130.6533E-03,+54.1106E-03
+201.0000E-03,+120.6030E-03,+54.1106E-03
+201.2500E-03,+126.6332E-03,+54.1106E-03
+201.5000E-03,+128.6432E-03,+54.1106E-03
+201.7500E-03,+128.3920E-03,+54.1106E-03
+202.0000E-03,+128.3920E-03,+54.1106E-03
+202.2500E-03,+128.6432E-03,+54.1106E-03
+202.5000E-03,+124.3719E-03,+54.1106E-03
+202.7500E-03,+124.3719E-03,+54.1106E-03
+203.0000E-03,+124.3719E-03,+54.1106E-03
+203.2500E-03,+124.3719E-03,+54.1106E-03
+203.5000E-03,+120.6030E-03,+54.1106E-03
+203.7500E-03,+120.3518E-03,+54.1106E-03
+204.0000E-03,+132.6633E-03,+54.1106E-03
+204.2500E-03,+130.6533E-03,+54.1106E-03
+204.5000E-03,+124.3719E-03,+54.1106E-03
+204.7500E-03,+130.6533E-03,+54.1106E-03
+205.0000E-03,+128.3920E-03,+54.1106E-03
+205.2500E-03,+126.6332E-03,+54.1106E-03
+205.5000E-03,+132.4121E-03,+54.1106E-03
+205.7500E-03,+122.3618E-03,+54.1106E-03
+206.0000E-03,+120.6030E-03,+54.1106E-03
+206.2500E-03,+116.5829E-03,+54.1106E-03
+206.5000E-03,+128.3920E-03,+54.1106E-03
+206.7500E-03,+130.4020E-03,+54.1106E-03
+207.0000E-03,+136.4322E-03,+54.1106E-03
+207.2500E-03,+120.6030E-03,+54.1106E-03
+207.5000E-03,+132.4121E-03,+54.1106E-03
+207.7500E-03,+124.3719E-03,+54.1106E-03
+208.0000E-03,+124.6231E-03,+54.1106E-03
+208.2500E-03,+118.5930E-03,+54.1106E-03
+208.5000E-03,+124.3719E-03,+54.1106E-03
+208.7500E-03,+124.6231E-03,+54.1106E-03
+209.0000E-03,+128.3920E-03,+54.1106E-03
+209.2500E-03,+128.3920E-03,+54.1106E-03
+209.5000E-03,+112.5628E-03,+54.1106E-03
+209.7500E-03,+122.6131E-03,+54.1106E-03
+210.0000E-03,+120.6030E-03,+54.1106E-03
+210.2500E-03,+120.6030E-03,+54.1106E-03
+210.5000E-03,+124.6231E-03,+54.1106E-03
+210.7500E-03,+128.6432E-03,+54.1106E-03
+211.0000E-03,+124.6231E-03,+54.1106E-03
+211.2500E-03,+122.3618E-03,+54.1106E-03
+211.5000E-03,+116.5829E-03,+54.1106E-03
+211.7500E-03,+132.4121E-03,+54.1106E-03
+212.0000E-03,+116.5829E-03,+54.1106E-03
+212.2500E-03,+118.3417E-03,+54.1106E-03
+212.5000E-03,+136.4322E-03,+54.1106E-03
+212.7500E-03,+124.3719E-03,+54.1106E-03
+213.0000E-03,+120.6030E-03,+54.1106E-03
+213.2500E-03,+126.3819E-03,+54.1106E-03
+213.5000E-03,+112.5628E-03,+54.1106E-03
+213.7500E-03,+124.3719E-03,+54.1106E-03
+214.0000E-03,+120.6030E-03,+54.1106E-03
+214.2500E-03,+128.6432E-03,+54.1106E-03
+214.5000E-03,+132.4121E-03,+54.1106E-03
+214.7500E-03,+124.6231E-03,+54.1106E-03
+215.0000E-03,+132.6633E-03,+54.1106E-03
+215.2500E-03,+128.6432E-03,+54.1106E-03
+215.5000E-03,+124.6231E-03,+54.1106E-03
+215.7500E-03,+118.3417E-03,+54.1106E-03
+216.0000E-03,+132.4121E-03,+54.1106E-03
+216.2500E-03,+124.6231E-03,+54.1106E-03
+216.5000E-03,+132.4121E-03,+54.1106E-03
+216.7500E-03,+124.6231E-03,+54.1106E-03
+217.0000E-03,+124.3719E-03,+54.1106E-03
+217.2500E-03,+128.6432E-03,+54.1106E-03
+217.5000E-03,+124.6231E-03,+54.1106E-03
+217.7500E-03,+124.3719E-03,+54.1106E-03
+218.0000E-03,+128.3920E-03,+54.1106E-03
+218.2500E-03,+134.4221E-03,+54.1106E-03
+218.5000E-03,+128.3920E-03,+54.1106E-03
+218.7500E-03,+128.6432E-03,+54.1106E-03
+219.0000E-03,+132.6633E-03,+54.1106E-03
+219.2500E-03,+128.6432E-03,+54.1106E-03
+219.5000E-03,+132.6633E-03,+54.1106E-03
+219.7500E-03,+128.6432E-03,+54.1106E-03
+220.0000E-03,+120.6030E-03,+54.1106E-03
+220.2500E-03,+120.3518E-03,+54.1106E-03
+220.5000E-03,+132.4121E-03,+54.1106E-03
+220.7500E-03,+130.4020E-03,+54.1106E-03
+221.0000E-03,+136.6834E-03,+54.1106E-03
+221.2500E-03,+128.6432E-03,+54.1106E-03
+221.5000E-03,+132.4121E-03,+54.1106E-03
+221.7500E-03,+122.6131E-03,+54.1106E-03
+222.0000E-03,+128.6432E-03,+54.1106E-03
+222.2500E-03,+128.6432E-03,+54.1106E-03
+222.5000E-03,+112.5628E-03,+54.1106E-03
+222.7500E-03,+130.6533E-03,+54.1106E-03
+223.0000E-03,+124.3719E-03,+54.1106E-03
+223.2500E-03,+126.3819E-03,+54.1106E-03
+223.5000E-03,+128.3920E-03,+54.1106E-03
+223.7500E-03,+126.3819E-03,+54.1106E-03
+224.0000E-03,+128.3920E-03,+54.1106E-03
+224.2500E-03,+124.6231E-03,+54.1106E-03
+224.5000E-03,+120.6030E-03,+54.1106E-03
+224.7500E-03,+124.6231E-03,+54.1106E-03
+225.0000E-03,+124.6231E-03,+54.1106E-03
+225.2500E-03,+122.3618E-03,+54.1106E-03
+225.5000E-03,+128.3920E-03,+54.1106E-03
+225.7500E-03,+126.3819E-03,+54.1106E-03
+226.0000E-03,+124.3719E-03,+54.1106E-03
+226.2500E-03,+126.6332E-03,+54.1106E-03
+226.5000E-03,+124.6231E-03,+54.1106E-03
+226.7500E-03,+124.6231E-03,+54.1106E-03
+227.0000E-03,+120.6030E-03,+54.1106E-03
+227.2500E-03,+126.3819E-03,+54.1106E-03
+227.5000E-03,+128.3920E-03,+54.1106E-03
+227.7500E-03,+126.3819E-03,+54.1106E-03
+228.0000E-03,+128.3920E-03,+54.1106E-03
+228.2500E-03,+134.4221E-03,+54.1106E-03
+228.5000E-03,+124.3719E-03,+54.1106E-03
+228.7500E-03,+128.3920E-03,+54.1106E-03
+229.0000E-03,+136.4322E-03,+54.1106E-03
+229.2500E-03,+128.3920E-03,+54.1106E-03
+229.5000E-03,+116.5829E-03,+54.1106E-03
+229.7500E-03,+124.6231E-03,+54.1106E-03
+230.0000E-03,+124.6231E-03,+54.1106E-03
+230.2500E-03,+124.3719E-03,+54.1106E-03
+230.5000E-03,+132.4121E-03,+54.1106E-03
+230.7500E-03,+128.6432E-03,+54.1106E-03
+231.0000E-03,+116.5829E-03,+54.1106E-03
+231.2500E-03,+122.3618E-03,+54.1106E-03
+231.5000E-03,+124.6231E-03,+54.1106E-03
+231.7500E-03,+130.6533E-03,+54.1106E-03
+232.0000E-03,+128.6432E-03,+54.1106E-03
+232.2500E-03,+120.3518E-03,+54.1106E-03
+232.5000E-03,+124.6231E-03,+54.1106E-03
+232.7500E-03,+120.6030E-03,+54.1106E-03
+233.0000E-03,+128.3920E-03,+54.1106E-03
+233.2500E-03,+134.6734E-03,+54.1106E-03
+233.5000E-03,+128.3920E-03,+54.1106E-03
+233.7500E-03,+124.6231E-03,+54.1106E-03
+234.0000E-03,+132.4121E-03,+54.1106E-03
+234.2500E-03,+118.3417E-03,+54.1106E-03
+234.5000E-03,+132.4121E-03,+54.1106E-03
+234.7500E-03,+120.6030E-03,+54.1106E-03
+235.0000E-03,+120.6030E-03,+54.1106E-03
+235.2500E-03,+126.3819E-03,+54.1106E-03
+235.5000E-03,+120.6030E-03,+54.1106E-03
+235.7500E-03,+122.6131E-03,+54.1106E-03
+236.0000E-03,+120.6030E-03,+54.1106E-03
+236.2500E-03,+128.3920E-03,+54.1106E-03
+236.5000E-03,+132.4121E-03,+54.1106E-03
+236.7500E-03,+130.6533E-03,+54.1106E-03
+237.0000E-03,+120.3518E-03,+54.1106E-03
+237.2500E-03,+128.6432E-03,+54.1106E-03
+237.5000E-03,+136.4322E-03,+54.1106E-03
+237.7500E-03,+128.6432E-03,+54.1106E-03
+238.0000E-03,+128.6432E-03,+54.1106E-03
+238.2500E-03,+122.3618E-03,+54.1106E-03
+238.5000E-03,+120.6030E-03,+54.1106E-03
+238.7500E-03,+120.6030E-03,+54.1106E-03
+239.0000E-03,+124.6231E-03,+54.1106E-03
+239.2500E-03,+132.6633E-03,+54.1106E-03
+239.5000E-03,+124.6231E-03,+54.1106E-03
+239.7500E-03,+122.6131E-03,+54.1106E-03
+240.0000E-03,+124.6231E-03,+54.1106E-03
+240.2500E-03,+122.3618E-03,+54.1106E-03
+240.5000E-03,+120.6030E-03,+54.1106E-03
+240.7500E-03,+124.3719E-03,+54.1106E-03
+241.0000E-03,+120.6030E-03,+54.1106E-03
+241.2500E-03,+132.6633E-03,+54.1106E-03
+241.5000E-03,+128.3920E-03,+54.1106E-03
+241.7500E-03,+124.6231E-03,+54.1106E-03
+242.0000E-03,+128.3920E-03,+54.1106E-03
+242.2500E-03,+126.3819E-03,+54.1106E-03
+242.5000E-03,+132.4121E-03,+54.1106E-03
+242.7500E-03,+124.6231E-03,+54.1106E-03
+243.0000E-03,+132.4121E-03,+54.1106E-03
+243.2500E-03,+126.3819E-03,+54.1106E-03
+243.5000E-03,+128.3920E-03,+54.1106E-03
+243.7500E-03,+122.6131E-03,+54.1106E-03
+244.0000E-03,+124.3719E-03,+54.1106E-03
+244.2500E-03,+122.3618E-03,+54.1106E-03
+244.5000E-03,+120.6030E-03,+54.1106E-03
+244.7500E-03,+134.6734E-03,+54.1106E-03
+245.0000E-03,+132.4121E-03,+54.1106E-03
+245.2500E-03,+130.4020E-03,+54.1106E-03
+245.5000E-03,+116.5829E-03,+54.1106E-03
+245.7500E-03,+126.6332E-03,+54.1106E-03
+246.0000E-03,+124.6231E-03,+54.1106E-03
+246.2500E-03,+132.6633E-03,+54.1106E-03
+246.5000E-03,+120.3518E-03,+54.1106E-03
+246.7500E-03,+122.6131E-03,+54.1106E-03
+247.0000E-03,+132.4121E-03,+54.1106E-03
+247.2500E-03,+130.4020E-03,+54.1106E-03
+247.5000E-03,+128.3920E-03,+54.1106E-03
+247.7500E-03,+134.6734E-03,+54.1106E-03
+248.0000E-03,+132.4121E-03,+54.1106E-03
+248.2500E-03,+122.3618E-03,+54.1106E-03
+248.5000E-03,+136.4322E-03,+54.1106E-03
+248.7500E-03,+118.5930E-03,+54.1106E-03
+249.0000E-03,+120.6030E-03,+54.1106E-03
+249.2500E-03,+128.6432E-03,+54.1106E-03
+249.5000E-03,+124.6231E-03,+54.1106E-03
+249.7500E-03,+126.3819E-03,+54.1106E-03
